ID,Labels
7561,1
8638,7
8371,7
9465,5
5502,3
2662,9
5448,3
5770,3
7848,1
9323,5
1538,6
3816,9
1623,2
5765,3
8212,7
5284,3
9172,3
3384,0
2047,1
3353,0
2842,9
8108,7
2102,9
5812,3
4747,4
4865,4
5319,3
7647,1
7456,1
316,8
229,8
3263,0
4468,4
547,8
5508,3
5101,3
7925,1
6363,6
7063,1
8068,7
9077,5
1092,2
2595,1
2537,9
1832,3
6282,3
9319,3
8538,7
6959,6
4428,4
1686,2
5601,3
1838,2
5735,3
9862,5
320,8
9398,5
9003,5
9895,5
3961,0
2056,9
8058,7
7335,1
6807,6
7681,1
4097,4
9247,3
9184,5
984,8
9619,3
1176,2
2636,9
9469,5
2599,1
120,8
4125,4
2212,9
4170,4
6397,6
2225,9
196,8
1739,2
1373,2
1578,2
7884,1
8919,3
79,8
9772,5
5009,3
7246,1
7687,1
7113,1
7419,9
7020,9
4788,4
6294,6
6667,7
4929,4
4801,4
6374,6
2012,9
2566,9
7824,1
5389,3
2935,9
8053,7
559,8
4886,4
1325,2
4756,4
836,8
621,8
6765,6
4658,4
8465,7
3580,0
3893,0
3094,0
1099,3
4347,4
2250,9
3856,0
7649,1
4494,4
5104,3
2017,9
7605,8
2437,9
3602,7
1667,2
3316,8
2951,1
8689,7
3105,0
1806,2
5651,5
3210,0
9815,5
8850,7
6564,6
6722,6
5656,3
8324,7
6832,6
3911,0
3724,0
5747,3
7627,1
3574,0
7958,1
7988,1
8933,7
8916,7
6738,6
5244,3
9020,3
1930,2
2363,9
7284,1
1734,2
1929,2
2357,9
7615,1
1895,2
3192,8
7543,1
6716,6
1086,2
3434,8
1043,2
6669,6
1967,2
6109,6
6896,6
7500,1
5308,3
6551,6
8146,7
441,8
1601,2
1216,2
9988,3
1114,0
1143,2
3803,0
1382,6
2290,1
3722,8
7774,1
6227,6
4315,4
1364,4
5987,3
9652,5
5428,3
2635,9
1406,2
9540,5
6465,6
1389,2
1401,2
1344,2
4223,4
4405,4
7115,1
9575,5
4677,4
7503,1
9904,5
5278,3
2978,9
5391,5
7619,1
7704,9
8975,7
8335,7
2414,9
5059,3
3391,0
4597,4
6627,6
5241,3
4894,4
8875,7
3429,0
1394,2
8001,7
8676,7
3315,0
5881,3
6468,6
790,8
2086,9
7866,9
4748,4
5745,5
3302,0
3521,0
725,8
77,8
7177,1
3501,6
2153,9
119,8
1149,2
5050,3
5549,3
6046,6
5288,3
6241,3
1674,2
5988,3
1163,2
3365,0
8650,7
9954,5
657,8
6836,6
9167,5
7296,1
8293,7
3674,0
7497,9
9142,5
1466,2
5202,5
5986,3
9794,5
5579,3
4407,4
1605,2
7929,1
292,8
8163,7
1231,2
438,8
9648,7
5521,0
9613,5
6201,6
1490,2
9099,5
5940,3
9391,5
8592,7
4042,7
1090,2
1852,3
7123,1
555,8
624,8
166,8
5858,3
486,8
2850,9
9617,5
3447,0
6759,5
7610,1
6410,6
873,2
4622,4
3608,0
7967,1
1423,2
7651,3
2105,9
754,8
1333,2
9855,5
7800,1
5205,3
6826,6
1876,5
6324,3
1965,6
7834,9
2045,8
5006,3
7194,1
3906,0
2695,9
3456,0
2457,9
6184,6
290,8
453,8
5803,3
2224,9
2818,9
9511,5
7314,1
7833,9
2964,9
590,8
6379,6
9986,5
5029,3
4662,4
699,8
3402,8
5700,3
6464,6
8600,7
4058,4
401,8
376,8
938,8
5816,3
2295,9
7261,1
6259,6
8306,7
430,8
900,8
3557,0
4591,4
9002,5
7052,1
43,8
6514,6
163,8
5826,3
6391,6
6343,6
7646,1
8351,7
2426,1
6773,6
1001,2
165,8
25,8
6225,6
6840,6
2693,1
255,8
2187,1
3910,5
6054,6
8250,7
4950,4
1770,2
2944,9
1249,2
8431,7
1029,3
9969,5
4082,4
427,1
4716,4
7143,1
178,1
3835,0
2691,9
6389,3
1286,2
8987,7
905,8
1431,2
8466,7
1125,2
7047,9
9341,5
9732,5
1023,2
9876,5
3135,0
50,8
3534,8
1275,2
6591,6
9704,5
8680,7
7472,1
8686,7
601,8
2503,1
5362,3
5778,3
6319,6
2971,9
5307,3
6526,2
5599,3
5706,3
7154,1
5092,2
7163,1
7601,1
2039,9
8189,7
1091,2
561,8
8786,7
7073,1
986,8
7952,1
6173,6
4115,8
1819,2
6306,6
802,8
8540,7
9487,5
2858,9
1873,2
8226,7
3643,8
1026,2
8046,7
3265,0
6769,4
619,8
9583,5
3138,5
4714,4
4385,4
8720,7
4903,4
4529,7
3676,0
9272,5
8162,7
4754,4
5984,3
6486,6
4363,4
5933,3
1818,2
814,8
9440,5
1103,2
1279,2
4590,4
7745,1
3505,0
7075,9
7483,0
1151,4
2640,9
9259,5
1184,5
9657,5
6566,6
2918,9
9728,5
1276,2
7005,1
3702,0
7117,9
8231,7
5181,5
2155,9
5456,3
8036,7
377,8
9627,5
3854,9
4372,4
8393,5
5016,3
6375,6
8092,7
3938,0
2880,9
2637,9
8587,7
6578,6
2043,9
4429,4
5531,9
6145,6
1751,2
1402,2
697,8
644,8
7149,1
9125,5
3660,8
5337,3
2903,1
9449,5
7654,1
1263,2
2289,9
5134,6
6891,6
2132,9
7372,9
2507,1
8874,7
4920,4
9373,5
1663,2
5518,3
2859,8
9816,5
1391,2
6603,6
2502,9
8758,7
2158,9
448,8
7464,1
7182,1
8043,7
5944,5
4448,4
933,8
9392,5
6406,6
9494,5
3827,0
5222,3
5019,5
5801,6
3314,9
2128,9
6254,6
4337,4
8736,7
9709,5
9185,5
6734,6
7025,1
3039,0
3087,0
3599,0
343,8
8467,7
6571,6
7487,1
3769,0
5870,3
4375,4
1414,2
8990,7
1864,2
4118,4
6346,6
5861,3
3393,0
901,8
1778,2
3256,0
7882,1
2683,9
2781,9
3054,7
7781,1
9941,5
3747,8
7593,1
1983,2
5023,3
1386,2
6491,6
8637,7
7975,9
2894,9
2552,9
3691,0
9890,3
5293,3
4780,4
9071,5
3074,0
7659,9
1765,2
2427,9
5787,3
3610,2
1177,2
3228,0
6781,6
3163,0
1392,2
6312,6
4912,4
3101,0
7097,1
3978,0
3679,0
632,8
9561,5
855,8
6657,6
4361,4
7400,1
8033,7
3309,8
1096,2
1698,3
2477,9
1968,2
140,8
2103,1
6235,6
2495,9
9742,7
7217,1
1404,2
9915,5
6236,7
6948,6
5441,3
394,8
880,8
2867,8
6624,6
8200,7
7821,1
7712,1
4414,3
5323,5
9639,5
5258,3
7851,1
3520,0
5281,3
8619,7
792,8
506,8
5304,0
7293,1
8344,7
5377,3
2514,9
6975,6
3616,0
7196,1
5432,9
8186,7
5250,3
1673,0
2063,9
3781,0
759,8
4327,4
5054,3
4064,4
5919,3
9110,5
3158,2
2926,9
5805,3
3741,0
5075,3
215,8
856,8
3973,0
7516,1
2054,9
3208,1
7815,3
8282,7
7831,1
4151,4
7793,1
8192,7
3664,0
2512,9
542,8
1120,2
2615,1
7245,9
9204,5
6660,6
8100,7
3758,0
1407,2
7366,1
7468,1
757,8
5795,3
9991,5
2006,9
6483,6
2645,9
390,8
7263,1
1328,2
7277,9
9032,5
1837,2
9432,5
6546,6
9224,5
9233,5
1489,5
6131,6
6869,6
5672,3
5081,3
9681,5
2042,9
1738,2
5498,3
5737,3
26,8
7474,9
4607,4
5068,3
3103,0
9910,5
7608,9
338,9
2135,9
501,8
1011,2
23,8
7801,1
1555,2
2400,9
5483,3
6266,6
3737,0
8308,3
1198,2
6714,6
6935,6
9953,5
3107,0
8923,7
6912,6
3708,0
415,8
6420,6
8970,3
9349,5
2474,9
1614,6
5647,3
5341,3
9749,5
649,8
6348,6
5197,3
1052,2
4010,4
8040,7
8102,7
2831,9
1318,2
8532,7
5834,3
1358,0
1152,2
3240,0
3682,0
7006,1
7976,1
7986,1
4701,4
3258,0
831,8
8402,5
8488,5
7840,2
6533,6
7702,1
5125,9
7275,1
3492,0
3662,0
7119,1
9361,5
2308,9
7039,1
9596,5
2968,9
8486,7
2259,1
4799,4
7947,1
6683,6
9360,5
3452,0
8706,7
122,8
4077,4
4155,4
3322,0
9586,3
41,8
7120,9
3338,2
5507,2
7032,1
8575,7
1482,2
7908,1
9461,3
9059,3
3626,0
1319,2
3924,0
5026,5
8024,7
5012,5
254,8
8583,7
4053,4
6129,6
5980,5
4979,4
5246,3
6820,6
3034,0
3323,0
7319,1
7688,1
5109,3
3471,0
6821,6
1862,2
7288,9
4343,4
4332,4
4818,4
5681,3
6985,6
4766,4
7709,1
2930,9
9292,5
8614,7
8334,7
4273,5
4446,4
2701,9
8792,7
426,8
2946,9
4621,4
1769,2
3330,0
58,8
4442,4
8114,7
2967,1
8635,7
6394,6
2774,9
9483,5
5669,3
4463,4
3789,0
3312,0
2260,9
4457,4
8582,7
2453,9
4462,4
6855,6
8947,4
5645,3
4932,4
7957,1
4881,5
8206,7
2081,9
7282,6
4959,4
3124,0
6785,6
1439,2
4087,3
1331,2
686,8
3225,0
2793,1
3734,8
5355,3
4843,4
4566,4
5067,3
2380,9
760,8
6907,6
3860,0
3342,0
2571,1
7894,1
7901,1
1290,2
2729,1
9369,5
6588,6
1477,2
298,8
4291,2
3929,0
4386,4
7398,1
1159,2
2587,1
7215,1
8399,7
7466,1
7157,1
445,8
926,8
5313,3
2684,9
1116,2
2130,9
7642,1
7343,1
9338,5
3206,0
4493,4
2826,9
6567,0
5290,3
8203,7
7216,1
7861,1
4338,3
6642,6
1630,2
4555,4
3377,0
9768,5
4726,4
3627,2
7232,1
3620,0
9141,5
9664,5
7023,1
9754,5
2758,9
6678,6
488,3
8244,5
4928,4
9578,5
8030,7
6081,6
1606,2
9570,5
7059,1
7881,1
269,8
4117,8
167,8
3405,0
3907,0
3035,0
8726,7
3746,0
2559,9
870,8
5767,3
3868,0
8263,7
4072,4
4137,4
2041,9
596,8
9291,5
4657,4
4200,4
9013,4
6132,6
9595,5
1305,2
957,8
9236,5
2167,9
1893,4
7417,1
2181,9
5587,3
9413,8
7125,1
8992,7
1359,2
2815,9
4443,4
1109,2
9655,2
9192,5
6116,4
9006,5
28,8
9599,5
13,8
1094,2
6466,6
1536,2
7580,9
978,8
2660,9
6740,6
3427,0
1108,2
1138,2
4739,4
2064,1
5756,3
1033,2
5265,3
9642,5
4523,4
1541,1
2643,9
4235,4
9990,5
186,8
7306,1
7129,9
5402,3
287,8
2498,9
8445,7
3000,8
8531,7
9394,3
1530,2
1329,2
1164,2
673,8
362,8
9529,5
2816,1
6271,6
7768,9
7168,1
4201,4
1811,2
9556,5
3093,9
9073,5
806,8
9269,5
996,8
6580,6
1368,2
9267,5
9555,5
7066,9
4655,4
9644,5
5421,3
9593,5
2851,9
1594,2
2025,9
8640,7
258,0
1468,2
7519,1
8135,7
4807,4
1041,0
5221,3
7675,1
2219,9
4511,4
9845,5
8051,7
3750,8
1186,2
3123,0
5838,3
1906,2
7054,1
7802,1
2396,9
9001,5
3692,2
581,8
1787,2
2425,9
5351,3
7413,1
5339,3
9330,5
1380,2
8643,5
3231,9
7595,1
4988,4
5749,3
8881,7
7058,1
643,8
6311,6
6421,4
5111,3
6321,6
2843,9
7743,1
1433,4
9505,3
6699,6
2522,9
3862,0
631,8
9783,5
7257,1
40,8
2204,9
2743,9
9629,8
2046,1
5677,5
8049,5
3637,0
1425,2
3986,0
6730,3
8846,7
5121,5
6926,6
1178,2
3130,0
5198,3
5249,3
773,7
8073,7
16,8
6373,6
4079,4
6123,6
2940,9
9949,5
2281,1
5586,5
7409,1
7997,1
4482,4
6919,6
6749,6
3214,6
1568,2
5809,5
4795,4
4946,5
1831,2
3852,0
6229,6
6080,6
1464,2
3111,0
5330,3
8441,4
2762,9
9925,5
8744,5
1685,2
5510,9
3091,0
4943,4
9959,5
5772,3
4949,4
664,8
9931,5
8336,7
689,8
228,8
568,8
3043,0
642,8
5810,3
2052,9
595,8
8014,7
9605,5
7618,1
2726,1
4204,6
8207,4
9081,5
2700,9
1789,6
1577,2
265,8
8381,7
5815,3
2618,9
3812,0
9667,3
914,8
1158,2
7281,1
8838,7
5446,3
4206,4
3381,0
8745,7
3668,2
1996,2
6351,6
4594,3
4113,4
7579,1
2163,9
1326,2
2808,9
1301,2
2988,9
7875,1
7051,1
8734,7
892,8
1855,2
98,8
8776,7
8065,7
7785,1
3579,0
3408,0
9679,5
7828,9
9473,5
9459,3
5025,3
3584,0
7201,9
8691,7
71,8
3331,1
8615,7
1523,2
1346,2
383,8
7673,1
9327,5
688,8
8316,7
6828,6
6830,6
5345,3
391,8
4179,4
9502,5
1535,2
4415,4
3350,0
6435,3
6816,6
87,8
5268,2
9389,5
4188,4
7316,1
6701,6
8554,7
1924,2
3892,0
9908,5
323,8
4186,4
5952,3
9492,5
1205,2
9471,5
8225,7
747,8
2524,9
4392,4
1570,2
6113,6
685,8
5806,1
2300,1
6089,6
1504,2
5965,3
2696,9
4326,4
389,8
3389,0
5138,3
993,8
9325,5
1529,2
3957,9
8917,7
1008,2
5911,3
4253,3
273,8
7208,9
1828,5
289,8
4335,7
6299,6
3336,0
874,8
3246,1
8270,7
9294,5
3169,0
5945,3
6619,6
1597,2
520,8
3951,0
5146,3
1493,2
9725,5
2655,9
6272,3
3607,0
4906,4
9225,5
9534,5
618,8
3698,0
1393,3
4849,3
1539,2
9308,5
9920,5
9675,5
2316,9
9863,1
9658,5
2082,9
8016,7
1948,2
9089,5
7237,1
4872,4
1669,2
3092,0
107,8
7451,1
8305,7
1015,2
4922,4
6692,6
4360,4
3368,0
8338,7
3507,0
9980,5
6096,0
8299,3
8313,0
8181,7
7410,1
6443,6
3793,0
8185,7
370,8
3261,2
1408,2
7348,1
4907,5
3147,0
2473,3
4563,4
3003,0
1449,2
8790,7
7312,1
2607,9
2491,9
2361,9
7534,1
9339,5
9917,5
5694,3
3211,0
5431,3
6842,6
9727,5
1740,2
4489,4
7953,1
8888,7
8965,7
7457,1
660,8
4014,4
8380,7
6331,6
3204,0
4570,4
4744,4
8301,3
8557,7
6216,6
4973,4
1998,2
1169,2
6436,6
9364,5
2979,9
6695,6
903,8
5636,3
7140,1
9585,3
489,8
4308,4
3296,0
772,8
9321,5
819,8
2811,9
5884,3
9557,5
7259,1
7786,1
9375,5
6017,3
2032,9
636,8
7502,1
5682,5
3948,0
1045,2
7827,1
6403,6
4052,7
9738,3
8304,7
5692,3
7367,1
6136,6
6446,6
2348,9
2460,9
1476,2
1889,2
4481,4
702,8
4540,7
3183,8
6393,6
3506,0
8059,7
4732,4
9616,5
5259,3
762,8
3633,0
8764,7
2206,9
2413,9
7159,3
7040,1
5695,3
4777,7
1047,6
8271,7
6307,6
2127,9
2301,9
1097,2
1225,2
4631,4
6597,6
3493,0
4420,4
1793,2
7258,1
8719,7
4123,4
5764,3
8831,7
7000,5
6694,6
7672,1
954,9
2241,9
5584,3
9829,3
5529,5
9211,4
8541,7
4828,4
4384,4
7105,1
4303,4
854,8
5100,3
4803,4
1078,2
9022,5
7116,1
4389,4
5093,3
9824,5
6485,6
3932,0
4309,4
3526,0
9956,5
337,8
9386,5
6940,6
546,8
1247,2
2803,9
2346,9
1248,2
3917,0
5413,3
4934,6
1640,2
9759,5
8529,7
0,8
9735,5
7103,1
2657,9
1883,2
2028,1
7507,1
199,8
6946,6
4654,4
2322,9
5953,9
2192,9
7716,9
3209,0
4797,4
6793,6
3680,0
7633,1
5540,3
4466,7
9210,5
4520,4
8882,7
5594,8
8362,7
8392,7
9588,5
5326,3
3800,0
385,8
3921,0
8682,7
8752,7
3833,0
6041,6
9924,5
8424,7
6748,6
6087,6
8722,7
2262,9
6656,6
8693,7
4254,4
9132,5
3268,0
220,8
7705,9
5500,3
3293,8
6850,6
9348,5
2804,9
5570,3
1866,2
6000,6
5193,3
2609,9
9589,5
6473,3
4187,4
4836,4
3430,1
6887,6
3594,0
3695,0
4069,4
4174,4
5487,3
8409,7
4930,7
6280,6
1024,2
526,8
4924,4
1274,2
9729,5
296,8
9584,5
2794,9
9682,5
6870,6
4302,4
2775,9
1278,2
9989,5
5686,3
6530,6
8900,7
3985,0
7943,1
2875,9
1032,2
6615,6
2727,9
5396,3
2207,9
3406,0
9918,3
3703,0
5968,3
2075,9
8444,7
4507,4
5455,3
7755,1
6427,6
2106,9
2433,9
8631,7
8357,7
114,8
1592,2
7862,1
1104,2
7488,0
246,8
2010,9
1546,2
7508,1
6440,6
2283,9
2665,9
799,8
4619,4
113,8
7408,1
6411,6
782,8
6279,6
9219,5
3358,0
960,8
359,8
4580,3
5317,3
6281,6
45,3
9133,5
5896,3
7727,1
8038,4
6559,6
6709,6
8929,7
4045,4
1540,2
569,8
9777,5
1324,2
7535,1
4880,5
1280,2
2122,9
4558,4
7795,1
7521,1
653,9
2169,9
9976,5
4516,4
9803,2
6858,6
284,0
8757,7
5077,3
7091,1
8622,7
2976,9
7334,1
4066,4
1553,2
8684,7
5702,3
5464,3
969,8
55,8
3635,0
1336,2
2617,9
3928,0
7363,9
3736,0
785,8
4083,4
3202,0
83,8
353,8
2065,1
6233,6
4819,4
8202,7
5276,5
8710,7
442,8
8773,7
7964,1
1951,2
315,8
244,1
5061,2
7304,1
7757,1
5900,3
2506,9
5954,3
6482,3
6590,6
2421,9
1507,2
9902,5
5163,3
4459,4
8800,7
7449,9
4422,4
730,8
7112,1
9149,5
2745,9
8621,7
3404,0
2827,9
4194,4
177,8
2766,1
7095,9
9827,2
6264,6
2180,9
4207,4
103,8
8150,7
1241,6
230,8
9019,1
1942,2
7248,1
2340,9
5865,6
8017,7
7136,1
160,8
1865,2
9051,5
6901,6
3513,0
638,8
3490,0
5336,3
3705,2
4997,4
9337,5
5084,5
9353,5
9438,5
7937,9
4374,4
6750,6
1637,2
9885,5
3516,0
3104,0
4740,4
2133,9
3995,0
4035,4
7575,1
3999,0
4031,4
3392,0
6703,6
9112,5
6126,6
5899,3
7438,9
4228,4
8651,7
8332,7
8663,7
2399,9
7137,1
3863,0
201,8
2573,9
2592,9
7209,1
6576,6
4104,4
7311,1
4178,4
1218,2
1055,2
1938,2
7518,1
955,8
5335,3
5328,3
30,8
8543,7
4983,4
8997,7
4393,4
1118,4
5433,3
7035,1
1874,2
6098,4
8118,7
8814,7
3227,4
9840,5
3329,8
3030,0
7122,1
6556,6
2515,9
7892,1
5901,3
1705,5
2436,9
6430,5
872,4
8243,7
4263,4
4203,4
9275,5
7287,1
247,8
124,8
285,8
9266,5
4319,4
8974,7
7289,1
2488,9
2298,9
2590,9
9347,5
5927,3
1150,2
4826,4
9324,5
8312,7
8083,7
6620,6
4098,4
2022,9
6339,6
8577,7
266,8
6548,6
3470,0
1502,2
1773,0
8530,7
3396,0
8948,7
5260,3
3450,0
3882,0
459,8
2597,1
5967,8
7844,9
8266,7
8517,7
1701,2
3403,8
3238,0
1875,8
2990,9
6086,6
1010,2
4864,4
7426,1
4112,4
5907,5
2434,9
7666,1
9734,5
8910,7
9320,5
5325,3
2214,1
8902,7
8210,7
9400,5
8428,7
1236,2
6598,6
7016,1
8235,7
5527,3
4727,4
8695,7
2591,1
795,8
4993,4
5331,3
9289,3
2083,9
9388,5
317,8
2992,9
8434,7
5083,3
185,8
7489,1
4020,4
8027,7
6336,6
4509,2
9562,5
4433,4
7653,1
5758,5
6802,6
7550,9
85,8
2628,9
7684,1
2611,9
3269,8
6359,6
6575,0
9870,5
3941,3
2569,9
7912,9
7479,9
1573,0
6568,6
3762,0
787,8
6766,6
878,8
6727,6
3598,0
8386,7
8626,7
9850,5
3873,0
4613,4
3820,0
240,8
2948,9
5069,3
560,8
1457,2
9098,5
2531,9
4641,4
8349,7
9303,4
5194,3
7172,1
8702,7
3834,0
5338,6
8671,7
5675,3
5082,3
1711,2
5503,3
7600,1
9721,2
1896,2
6962,6
9322,5
3998,0
6497,6
4661,4
4156,4
2778,9
3959,0
7748,1
2529,9
7711,9
8450,7
8950,7
7359,1
6492,6
7074,2
6745,6
5,8
2562,9
1936,2
7604,1
3717,0
6390,6
336,8
5537,5
1992,2
5352,3
9992,5
123,8
6886,6
1135,2
9646,3
4703,3
9758,5
8198,7
130,8
1795,2
9594,5
5785,3
2265,9
7436,1
5699,5
4687,4
9541,5
302,8
7591,9
1267,2
101,8
2658,9
8765,5
9334,2
6645,6
334,7
7752,1
1679,2
8144,7
423,3
7680,1
5011,3
4501,4
9068,5
6884,7
3387,7
3654,0
2060,9
7977,1
3255,0
2257,9
2986,9
5143,3
9040,5
9144,5
4623,4
1567,2
6610,6
525,8
9251,5
9490,5
8506,7
7108,9
2989,9
8258,7
5513,3
1796,2
449,8
1070,3
9572,5
3979,0
321,8
7029,1
1262,2
8063,7
4664,4
5318,3
4522,4
5297,3
587,8
2994,9
8028,7
9571,5
5310,3
2274,1
2327,9
1061,2
573,8
4645,4
7219,1
8175,7
7480,1
2370,9
1171,2
637,8
8593,7
9549,5
8771,7
1288,2
9753,5
5780,3
2642,9
6788,6
1823,2
2459,9
7899,9
6360,6
6262,6
1569,2
5120,3
8003,7
6318,6
3332,7
4954,4
8964,7
3967,0
6172,6
6074,6
2089,1
3475,0
3479,0
3613,0
1639,2
5334,3
5018,3
6991,6
7045,1
9846,5
5375,3
112,8
2690,1
1345,2
6685,3
5217,3
8655,7
2840,9
6396,6
2243,1
7766,1
9880,5
2342,9
6965,6
6198,6
7081,1
3224,0
7990,1
6654,6
4226,4
8890,7
5267,3
4577,4
234,8
9810,5
8627,7
3711,0
8309,7
4637,4
4451,4
6461,6
1651,2
6231,6
5792,3
4371,4
5447,3
6671,6
9688,5
1970,2
8783,7
187,8
3749,2
2800,9
5646,3
6125,6
9036,5
9563,5
9531,5
8499,7
188,8
9708,5
8276,7
4676,9
707,8
9411,3
2334,9
7214,1
3901,0
1634,2
8218,4
1635,7
9944,5
2314,9
7732,1
8777,7
3200,0
995,8
3360,0
6298,6
5597,3
7560,9
968,8
5960,5
2616,9
355,8
991,8
6210,6
197,8
3740,0
3969,0
9943,5
460,8
7180,9
6333,6
3944,0
9445,5
9155,5
6635,6
2350,9
1030,2
1395,2
9932,5
2791,1
5295,3
2685,9
2190,1
168,8
7240,9
3230,0
6639,6
4753,4
545,8
8260,7
4875,5
3374,0
5240,3
6618,6
1253,2
1374,2
9867,5
2482,1
9751,5
2173,1
1845,2
2604,9
3590,0
626,8
931,8
136,8
9625,5
678,9
7227,1
1291,2
207,8
6876,6
3704,0
472,8
6076,6
1371,2
9383,5
7566,1
9422,5
6422,6
5315,3
8000,7
1598,2
3946,0
6794,2
6743,6
4208,4
6322,5
7616,1
648,8
2267,0
9335,5
1460,2
9355,5
3027,2
7525,1
4298,4
7042,7
2463,9
6404,6
3837,0
8294,7
3453,2
6767,6
4048,4
8455,5
4789,4
3611,0
2985,9
8809,9
2546,9
6455,6
2136,9
8407,7
9700,5
4369,4
4624,4
7065,1
7891,1
5017,5
6250,6
1426,2
1742,2
8133,7
5458,3
5356,3
3913,0
8134,7
6898,6
8039,7
142,8
4351,4
4841,4
8636,4
476,8
7249,1
1191,2
9641,5
1947,2
7841,1
7218,1
4967,4
9481,5
2960,9
7919,1
1835,2
2838,9
5372,3
2823,1
8566,7
5007,3
5650,3
7226,1
2448,9
8886,7
1632,2
6226,6
4498,4
2855,9
2835,9
9656,5
908,8
1557,2
5183,3
9309,5
6647,6
8224,7
7313,9
3468,0
6276,6
245,8
2027,9
5994,3
4148,4
9938,2
8474,7
3414,0
6806,6
7014,1
102,8
2965,1
5762,3
1560,4
9084,5
7301,1
6153,6
2731,9
3723,0
6128,6
2074,1
2084,9
2252,9
8853,7
6055,6
3904,0
8376,7
1579,2
981,8
8128,7
2213,9
7496,1
8259,7
5309,3
5274,3
6911,6
3735,0
8074,7
4165,4
1745,2
5610,3
6786,6
1353,2
1002,2
1829,2
3927,0
8805,7
927,8
8072,7
1405,2
5286,3
2024,1
5889,3
9024,5
5030,3
1950,2
9061,5
9785,5
5957,3
3222,0
7495,1
4424,3
2242,9
9966,5
4699,4
9278,3
9443,5
7378,1
4556,4
4976,4
5990,3
522,8
7789,1
4759,4
2576,9
9270,3
8843,7
2931,9
7407,1
9565,5
361,8
7836,1
4537,3
2297,9
1383,2
4119,4
9692,3
6255,6
1453,2
7071,1
531,8
5400,3
1563,2
3573,0
529,8
861,0
231,8
304,8
7070,1
6197,6
741,8
7185,1
6508,4
2527,9
1505,2
5190,3
1912,2
6104,0
8797,7
1961,2
6899,6
8920,7
5013,3
1519,2
3395,0
5425,5
1224,5
138,8
2862,9
776,8
2757,1
7602,9
9023,3
8905,7
9564,5
7868,1
6023,6
9784,5
9684,5
2860,1
6954,6
9550,3
9750,5
5235,3
3790,0
9280,5
5950,0
6163,6
2049,9
9138,0
1044,2
4913,4
7631,1
5576,3
5876,3
9446,5
6133,6
3725,0
3815,0
1760,5
208,6
2493,9
2770,9
346,8
9083,5
1856,2
1072,2
3756,0
2627,9
347,0
1087,2
3482,0
5949,3
5373,3
6594,6
8725,7
7290,1
8652,7
7719,1
9468,5
5996,3
524,8
1146,2
6384,6
3993,0
5369,3
9961,3
7950,1
9186,5
9246,5
3583,5
3923,0
6966,6
9048,5
5977,3
5044,3
9975,5
2982,9
2698,9
7658,9
5868,3
6032,6
3089,0
2478,9
5913,3
3646,0
6244,6
5554,3
288,8
6777,6
3159,0
92,8
8810,7
7573,1
543,8
2296,9
1073,2
9858,5
6034,6
6893,5
5049,3
9766,5
9075,5
1953,2
9486,3
8094,7
9436,3
7504,1
5760,3
5857,5
6577,6
7174,1
170,8
8055,7
8787,7
4440,4
700,8
1613,2
3666,0
5108,4
3177,0
7572,1
8236,7
5578,3
5374,5
8056,7
8495,7
2138,1
3239,0
4157,4
2216,9
7715,1
3672,0
4877,4
2805,9
9248,5
1123,2
2490,9
3618,3
4706,4
7700,1
5499,3
3641,0
3317,0
5141,3
910,8
7779,1
5517,3
9080,3
6967,5
8230,5
8516,7
9124,5
5414,3
4650,7
690,8
2648,9
7568,1
8458,7
8585,7
2269,9
9015,5
4833,4
7460,1
8109,7
4140,4
9332,3
174,8
7193,9
4579,4
2882,1
7186,1
594,8
84,8
4837,5
936,8
1882,2
2387,9
446,8
616,0
1058,2
7720,1
8023,7
2013,1
7814,9
3198,0
2147,9
8712,7
2711,9
8387,7
7689,1
2315,9
1028,2
6058,6
2650,9
5177,3
1985,4
2973,1
8892,7
3308,0
3420,0
9028,4
319,8
4162,2
8422,7
6093,6
817,8
7928,1
9286,5
2160,9
2029,9
1128,2
4400,4
9429,9
7547,1
2656,9
8794,4
1733,2
679,8
224,1
3168,0
8949,4
4037,4
9554,5
7538,1
8151,7
4691,4
2908,9
3090,8
1295,2
1986,2
4802,4
5140,3
5723,3
9412,5
10,8
3178,0
3771,0
9195,5
3612,0
9199,5
6693,6
8859,7
9552,5
127,8
466,8
5632,3
6552,6
6378,3
2258,9
7930,3
1048,7
3831,0
7744,1
5667,3
7515,1
6509,6
2476,9
8462,7
8740,7
6108,6
9520,5
2157,9
4445,4
8988,7
9091,5
2115,9
2873,9
1162,2
6613,6
9435,5
6284,6
4370,3
523,8
5863,3
483,8
3040,9
3133,4
5621,3
4230,4
7088,1
8504,7
3914,0
78,8
1209,7
5062,3
4084,4
3050,0
7900,1
3577,0
6414,6
3642,8
4144,4
2578,9
7339,1
6320,6
2906,1
3919,0
7126,1
2229,9
8935,7
7030,1
593,8
3276,0
4172,4
5147,3
6853,6
507,8
9000,5
5417,3
8918,7
3766,0
3121,0
5128,3
5622,3
8739,7
1444,2
5874,3
9839,5
3727,0
7984,1
5733,3
3738,8
7721,1
5526,3
4736,4
4896,2
7090,1
5750,5
2810,1
4608,4
6932,6
9604,5
9633,5
3681,0
9854,3
3001,0
8219,7
6630,6
8154,7
2558,1
7085,1
7753,1
3359,0
7531,9
9310,5
3624,0
8822,7
4354,6
2108,1
7191,1
6060,6
7362,1
154,8
5943,3
4271,7
3097,0
411,8
7509,1
5715,3
5361,3
3891,0
180,8
6868,6
5678,3
264,4
1628,3
2956,0
9017,5
1682,4
5748,3
4349,4
2555,9
2234,9
7603,1
2095,9
4241,4
8429,7
8608,5
4128,4
8099,7
1753,2
4568,4
6736,6
3,8
9427,3
2033,1
2900,9
5316,3
5638,3
5936,3
7187,1
2005,9
4519,4
6819,6
1758,2
3274,0
5729,3
5052,5
7132,1
2530,9
3125,0
8820,7
4702,4
5688,3
7002,1
5854,3
5287,5
9896,5
1693,2
4266,4
5481,5
6215,6
7330,1
9521,3
3174,0
1878,3
2291,9
3958,0
6372,6
988,8
824,8
2121,9
8983,7
6569,6
7146,1
6251,8
9123,5
9496,6
12,8
8589,7
39,8
5937,5
9035,5
381,8
7902,1
3943,0
6432,6
7842,1
9408,5
5841,3
116,8
3248,0
1744,2
7322,1
1863,0
6803,6
4305,4
5106,3
2694,9
1478,2
2412,0
7948,3
8084,7
8394,7
839,8
9947,5
9300,5
1582,4
705,8
4054,4
557,8
9838,5
8986,7
5739,3
6009,6
6265,6
6752,6
940,8
9666,3
2371,9
1677,2
4152,4
4136,4
9849,5
2525,9
5348,3
2776,1
9559,5
9982,5
5930,3
5929,3
6646,6
9710,5
1093,2
7879,1
3022,0
9871,5
3710,7
3628,0
5783,3
3600,0
5736,5
1299,2
6763,5
8374,7
4776,4
4328,4
6626,6
8687,7
1293,2
4472,4
1861,2
8119,7
2146,9
8013,7
3411,0
7737,1
6681,6
1854,2
2682,0
179,9
9476,5
7803,1
5619,3
9012,5
3313,2
3150,0
8372,7
8205,7
1872,3
3014,0
8579,7
5974,3
108,8
7399,1
2035,9
6758,6
6154,6
4081,4
6047,6
8383,7
1980,2
9566,5
4297,4
3251,0
2036,9
703,8
5970,6
2812,9
8803,7
3950,0
9517,5
6604,6
7563,1
9547,5
9963,5
3419,0
3058,0
6495,0
746,8
20,8
584,8
4395,4
6986,6
6964,6
4504,4
5971,3
3207,0
8110,7
7412,1
5660,3
1715,6
4994,3
8086,7
7151,1
6345,4
5439,3
4483,3
3559,0
6525,6
2307,9
9148,5
6732,6
2675,9
7606,1
5999,3
8633,7
2669,1
3038,0
3647,0
4982,4
9672,5
3067,0
4127,4
4963,4
9368,5
6499,6
4879,4
5070,3
4111,4
8191,7
7499,1
1735,2
6302,6
7847,1
7889,1
4244,5
9670,5
3412,0
738,8
1720,7
1157,2
6837,6
9491,5
5728,3
2864,9
8116,7
4480,4
8972,7
3485,7
2941,1
1040,2
5581,3
9897,3
6463,6
6050,3
3879,0
6938,6
4317,4
504,8
3446,0
1283,2
1321,2
4911,4
2596,1
7926,1
2332,9
1926,2
3055,0
308,8
8297,7
9501,5
5871,3
783,8
512,8
1343,5
6270,6
4596,4
1584,2
3933,0
9806,3
6670,2
4741,4
7096,1
4804,7
2807,9
9707,5
2416,9
7396,1
6234,6
704,8
517,9
1506,2
5720,3
3356,0
7260,1
2222,9
3605,0
7622,9
8785,7
929,8
7302,1
135,8
4160,5
2688,9
735,8
2031,9
4535,4
9857,5
2634,1
6987,6
7927,1
7009,1
9911,5
9860,5
7138,1
9940,5
6519,6
9428,5
4071,4
6909,6
3440,4
3122,7
4816,4
2813,8
1590,2
3550,0
8940,7
216,8
4860,4
6243,6
1170,2
5796,3
2892,9
3652,0
6441,6
2845,1
7574,1
5180,3
1641,7
614,8
8284,7
6944,6
2336,9
3461,0
5775,3
6976,6
3753,0
4730,4
8512,7
6150,6
1652,2
5175,3
915,8
5055,3
8385,7
5966,3
3990,1
4138,4
6467,3
5381,3
4968,4
5207,3
51,8
8420,7
5956,3
4240,4
813,8
6022,0
9776,5
6895,6
3540,0
7486,1
9423,5
2631,9
2528,9
5525,3
1067,2
2732,1
9873,7
7131,1
6085,6
5569,3
2887,9
5631,3
8747,7
8213,7
37,8
6007,6
2724,1
9107,5
3636,0
1566,2
7915,1
7581,1
5709,3
8563,0
3596,0
3277,0
4121,4
4497,4
9249,5
6649,2
3631,0
7421,1
6892,6
4245,4
9162,5
2708,9
3095,0
1542,2
8432,7
8015,7
2038,9
5226,6
1691,2
5445,3
493,8
8078,7
5034,3
9379,5
9900,5
8738,7
3886,0
2922,0
1311,2
9093,5
1703,2
3625,0
2582,9
4356,4
586,8
537,8
5634,3
4792,9
5595,3
5981,3
470,8
3426,0
6995,9
6078,3
4314,4
8173,7
6951,6
2782,9
1543,2
9357,5
6152,6
7437,8
519,8
8115,7
6674,6
9169,5
3595,7
1495,2
8208,7
2725,1
9891,5
715,8
9770,5
5628,3
3116,0
497,8
7130,1
1335,2
5553,3
3166,0
3517,0
2172,1
2584,1
886,8
2485,1
181,8
5853,3
1006,2
6728,6
6945,6
436,8
1653,3
3148,0
1366,2
283,8
1571,2
1300,6
2003,9
5394,3
8834,7
5892,3
2869,9
7576,9
7761,1
571,8
4669,4
329,8
485,8
204,8
3819,0
5162,3
4239,4
753,8
708,8
2943,9
4689,4
6823,6
6077,6
4237,4
6930,6
1416,3
4030,4
7476,1
5371,3
5951,3
4633,4
1925,2
2071,9
830,8
3082,0
695,8
4304,4
156,8
75,8
5298,2
7361,9
1959,0
779,8
1699,2
3523,4
1057,2
2067,0
5505,3
8453,7
3621,0
2239,9
3908,9
3639,0
1322,2
9859,5
17,8
8827,7
6545,6
7034,9
482,8
4453,4
8894,7
7914,1
4249,4
1851,2
6501,2
4599,4
36,8
4584,4
9587,7
7545,1
363,8
7612,1
1183,2
8864,7
1337,2
7318,1
9119,5
8268,7
6843,6
6585,6
5939,3
3378,0
2126,9
4724,4
6675,6
2734,9
7242,1
6458,6
4733,4
9314,5
1020,5
1526,2
7626,9
6583,6
9213,5
5807,3
9755,5
6061,6
4080,4
7347,1
7170,9
184,8
9793,5
1522,2
9454,5
5504,3
1697,2
5869,3
2069,9
2629,9
9076,5
7644,9
8106,7
3037,0
7099,9
6043,6
4094,4
8607,4
8081,7
7640,1
8188,7
8842,7
4640,4
3301,0
5099,0
3729,4
1445,2
5088,3
5292,3
3024,0
1417,2
8879,7
2583,9
6753,6
8145,7
2355,9
4195,4
7657,4
9285,5
9677,5
9579,5
8806,7
6724,6
7962,1
9121,5
3581,4
2430,9
5489,3
4242,4
8951,7
2954,9
4933,4
8233,7
5519,3
2011,1
4859,4
7439,1
2649,1
7440,1
1429,2
8197,7
1689,2
8246,7
2586,9
9126,5
8448,7
5673,3
3462,0
7274,1
5257,3
3407,0
5239,3
3593,0
1062,2
2884,9
7770,1
4809,4
5976,3
8957,7
191,8
4399,4
4616,4
2164,9
4289,4
8945,7
6950,6
4611,4
3154,9
4916,4
3677,0
4876,4
9196,5
125,8
8774,7
879,8
434,8
6581,3
1549,0
3786,0
2381,9
3976,0
652,8
5565,5
3699,0
6110,6
7452,1
162,9
9190,5
7597,8
9765,2
3900,0
6846,2
7021,1
3282,0
8915,7
1494,2
5166,7
2556,1
431,8
6239,6
7920,3
2401,9
4542,4
1296,7
5912,2
8795,7
5948,3
5192,3
4452,4
410,8
3376,0
2722,9
6953,6
9424,5
397,8
4984,4
379,8
7617,1
9913,5
2939,9
7530,1
9467,5
2619,9
6888,4
2442,9
9993,5
3236,0
4008,4
9351,9
7247,1
3017,0
2059,1
9901,5
3212,0
7189,1
3185,8
6230,6
4108,4
3761,7
7465,1
1013,2
2560,9
3830,8
692,8
2382,1
6582,4
6768,4
277,8
7669,9
3782,0
9452,3
4728,4
2266,9
6448,6
3294,0
7767,1
1984,2
4105,4
8755,7
858,8
4177,4
3706,0
3896,0
97,8
9888,5
8139,7
1179,2
3021,0
6475,6
2402,9
88,8
8667,7
1257,4
4276,4
5136,5
7308,9
4202,4
5028,3
2268,9
9820,5
3217,0
4476,4
6112,6
5046,3
72,8
7694,3
1616,2
7756,1
4348,4
8678,7
1390,2
9643,3
1165,2
398,8
9041,5
1428,2
2376,9
8977,7
1668,5
1424,7
4858,4
6719,6
610,8
8062,7
3341,5
8555,7
2902,9
8721,7
2668,9
5280,3
9484,5
1203,2
3463,0
1660,5
680,8
5573,3
1886,2
8674,7
5450,5
8354,7
2712,9
2504,9
1783,2
9488,5
7731,9
7946,1
6024,6
4681,4
2162,1
4470,4
9884,5
5701,3
141,8
6644,6
7404,1
6304,6
413,8
6237,6
6193,6
803,8
5825,3
6195,6
222,8
8659,7
7582,1
9482,4
9506,5
7903,1
5738,3
4953,4
2653,9
9934,5
5358,3
745,8
6354,6
6296,6
1145,6
9342,5
8628,4
9802,5
4546,4
248,8
3126,2
5095,3
6480,6
921,8
3397,0
8605,7
3160,0
1497,2
8922,7
7693,1
121,8
2050,9
5014,3
8748,7
7395,1
7386,1
7077,1
4898,7
7998,1
5379,3
5429,3
4969,4
324,8
6789,6
360,8
5174,3
536,2
6248,6
727,1
4059,4
9180,5
515,8
2230,9
7171,9
2456,9
15,8
5800,3
7683,9
6179,3
1222,2
9376,5
1122,2
3219,0
8770,7
691,9
4211,4
5759,3
4649,4
4550,4
1509,6
1903,2
2772,9
3400,0
8330,7
1136,2
4212,4
2680,1
2568,9
8361,7
2674,9
7966,1
3271,0
2833,9
4166,4
9239,5
8365,7
8505,4
9736,3
5254,3
242,8
3337,0
7896,1
2741,9
970,8
4039,4
2553,9
7839,1
1722,2
2275,9
3283,0
8519,7
8544,7
4067,4
4891,4
8559,7
3134,0
2179,9
4164,4
2646,9
194,8
8893,7
2469,9
2920,9
2557,9
4544,4
1627,2
3889,0
4587,4
4883,4
4410,4
9226,5
82,8
182,8
4592,3
9864,5
1268,2
3155,8
4229,4
1450,2
5232,3
1117,2
198,8
3401,9
3254,0
3464,0
3010,3
8494,7
6715,6
1949,6
1551,2
9456,3
5878,3
7300,1
5676,3
3273,0
9101,5
3242,8
7898,1
2832,9
6101,6
70,8
592,8
9830,5
481,8
9937,5
8041,7
3798,8
3733,8
2209,9
8826,7
8088,7
4295,4
1956,2
4844,5
9631,5
3718,0
3653,7
6449,3
6960,6
2452,9
9936,5
4524,4
2323,1
6488,6
9306,5
5119,3
8603,7
1066,2
4952,4
4161,4
3970,0
9731,5
8168,8
1102,2
1900,2
4147,4
8472,7
5027,3
8507,4
7015,1
815,8
2710,9
8832,7
6400,6
7299,1
4581,4
4905,4
3176,0
8658,3
4444,4
8807,7
7621,9
1812,2
5184,7
8427,7
145,8
3245,0
6596,4
7855,1
8414,7
980,8
7241,1
847,8
5010,3
418,8
495,8
6004,1
3234,0
2975,9
5630,5
8183,7
2461,9
589,8
7080,1
1193,2
1725,2
867,8
276,8
2378,9
9787,5
6355,6
6462,6
396,8
2404,9
3591,0
2687,9
7564,1
1068,2
9416,5
1223,2
2123,9
7854,1
2053,9
105,8
3280,0
8548,7
5114,3
4106,3
1945,2
7352,1
5118,3
5556,3
4784,4
1195,2
8502,7
3077,0
3764,0
373,8
5555,3
801,8
3715,0
5443,3
2923,1
7490,1
1650,2
8011,7
8510,7
6025,6
8075,7
3527,0
8926,7
9673,5
5751,3
2196,9
4411,4
8237,7
3459,3
3817,8
2574,1
22,8
1369,2
9701,5
5478,3
4925,4
1430,2
510,8
2228,1
1398,2
1527,2
1252,2
5440,3
9252,5
1202,2
8322,7
9027,5
6313,7
1696,2
5196,3
8912,7
9415,5
9883,5
3057,0
3918,8
2565,9
9104,5
3046,0
1619,2
6680,6
9609,5
341,8
5798,3
6544,7
9439,5
899,8
4515,4
5671,3
5474,3
2407,1
7556,1
5566,3
5071,3
8253,7
9197,5
3632,0
3262,0
9507,6
1913,2
1121,2
9191,5
8469,7
7656,9
7255,1
4122,4
3260,0
392,8
2455,1
6710,2
2170,9
3146,0
4417,4
5712,3
3649,3
134,8
374,8
2901,9
4430,4
1269,2
6253,6
9229,5
2037,9
8238,7
5188,2
8278,7
9039,5
1910,4
1834,2
755,8
5557,5
4895,2
1397,2
407,8
4491,4
8537,7
4863,4
5390,3
8149,7
7354,9
7887,1
5895,5
4882,4
1754,2
502,0
9537,5
6993,6
7553,9
7544,1
5649,3
5251,3
2310,9
2790,1
3935,0
2278,9
5124,3
4224,4
5583,3
4488,4
3535,8
8093,7
1130,2
5624,3
311,8
4565,4
2959,9
6601,6
3250,0
3586,0
7776,9
144,9
4678,5
9696,5
1688,2
3982,2
8452,7
2377,9
1933,2
8457,7
491,8
5208,3
1089,2
5836,3
8242,7
6933,6
1514,2
4578,4
9752,5
1633,2
2499,9
7671,1
4878,4
6561,6
106,8
8418,7
5219,2
826,8
9116,5
9499,5
6260,6
7584,1
8364,7
2730,9
8423,7
2952,9
5329,0
4011,4
4322,4
5214,5
1481,2
153,8
3460,0
7589,1
4794,4
7806,1
270,8
8569,7
3588,9
3128,0
2936,9
718,8
6084,6
8925,7
4936,4
8211,7
4292,4
3431,0
1230,2
952,8
9054,5
6494,6
2516,9
375,8
9893,5
2841,9
6223,6
2015,9
4301,4
5171,3
252,8
9448,5
7084,1
4686,4
7162,9
3504,0
4294,4
2518,9
8223,7
5766,3
629,8
9127,5
7956,1
3795,0
8661,3
4130,4
7211,1
6261,6
7156,1
1427,2
274,8
6190,6
3808,0
505,8
7637,5
9601,3
4368,4
2500,9
2487,9
2957,9
9087,5
4506,4
7554,1
5864,3
314,8
2068,9
6573,6
4850,7
5501,3
8560,7
9065,5
8968,7
2020,9
1995,2
9086,5
5710,3
3861,0
3348,0
8866,7
2092,9
4680,4
6924,6
8897,7
7010,1
1265,2
4096,8
4333,4
1737,6
3120,0
6813,2
1647,2
73,8
388,8
1756,2
1512,2
2934,9
3162,2
279,8
1884,2
943,0
2996,9
2801,9
5867,3
1256,2
4377,4
5151,7
1979,2
8289,7
2542,9
8264,7
1750,2
3072,0
2536,9
4671,4
6191,3
1905,2
9626,5
1766,2
1533,2
2728,9
64,8
5386,3
8648,7
9159,5
2211,9
7383,1
9801,5
3650,0
9343,5
698,8
3167,0
6818,3
9315,5
8373,7
8542,7
1282,6
8908,7
8222,7
9538,5
4050,4
7167,1
1027,2
8796,7
5368,3
8342,7
2998,9
3042,0
6045,6
8533,7
7826,1
7641,1
761,0
2541,9
9208,5
4216,4
3720,7
2768,1
2349,1
2329,9
796,8
4695,4
7060,1
9418,5
5920,3
3876,0
9410,5
4765,4
7228,1
8967,7
9475,5
9242,5
8976,7
8021,7
808,8
6515,6
1496,2
9786,0
1918,6
6847,6
7949,1
1084,2
2330,9
2237,9
7791,1
2048,9
7982,9
1877,2
5479,3
1695,2
8572,7
4002,4
4004,4
4846,4
1277,0
5201,3
9399,2
732,8
2177,9
4376,4
2210,9
7078,8
2870,9
4402,4
4214,4
9206,5
7356,1
9805,5
3843,0
8476,7
2375,9
3905,0
5098,5
5822,6
898,8
9222,5
6106,3
4810,4
2369,9
4073,4
6805,6
8946,7
7024,5
8759,7
9170,5
5466,3
4510,4
3372,0
8756,7
7860,1
1039,2
4455,3
9676,5
6531,3
9869,5
8456,7
7360,9
5567,3
3371,0
2343,9
6242,6
7569,1
862,8
6731,6
2193,9
4485,2
1973,2
1228,2
726,9
1743,2
2713,1
3069,0
6067,6
2896,9
9790,5
2220,1
9151,5
2820,9
408,8
5969,3
9875,5
8079,7
1474,2
1173,6
6171,6
1525,2
271,8
1370,2
9160,5
61,8
6100,6
7973,1
1071,2
8641,7
7223,1
670,8
3850,0
1702,2
1472,2
4477,4
2563,9
81,8
1415,2
2911,9
6636,6
496,8
7394,1
1009,2
8447,7
7229,1
709,8
3451,0
148,8
6490,6
3569,0
1258,2
4572,4
6746,6
1140,2
5823,3
4437,4
2567,9
4685,4
8896,7
5263,3
4353,4
6257,6
1376,2
4704,4
5811,3
4632,4
8475,7
4871,3
9082,5
6696,3
6314,6
5021,3
3759,8
5060,3
4767,4
3974,0
7443,1
3410,0
4070,4
7846,1
2080,9
268,8
7542,1
4615,4
8171,7
6478,6
3890,0
5395,3
9779,3
5752,3
5774,0
3629,3
306,8
4672,4
4852,4
4783,4
3963,0
4785,4
4719,4
5354,3
3424,3
1306,3
6684,6
1037,2
3801,2
7148,1
5384,3
3813,5
3194,0
2480,1
9129,5
6871,0
5703,3
3494,0
4233,4
1666,2
159,8
8729,7
5577,3
3465,0
5882,5
9573,5
9230,5
5462,3
7098,1
6741,6
5176,3
1562,2
3981,0
2494,9
2638,9
1558,2
7906,1
9472,5
533,8
4823,4
706,8
2663,1
4044,4
5883,3
3828,0
932,8
5718,3
7775,1
3048,0
6275,6
5731,3
3502,0
1612,2
2424,9
5891,3
7462,1
6885,9
5515,3
8352,7
1869,2
3518,0
9568,2
7403,1
2099,9
8401,7
5457,3
540,8
9497,5
9718,5
9220,5
1788,4
5485,3
7921,9
511,8
777,8
9977,5
8425,7
6326,6
1348,2
4653,4
4279,5
1775,6
9046,5
717,8
3640,1
7546,1
7742,1
3398,0
2885,9
9841,5
5848,3
5137,3
3778,8
80,8
369,8
9650,5
4456,7
4234,4
6542,6
1931,2
5819,5
894,8
5916,3
3853,5
5153,3
1748,2
7955,1
5005,3
7796,1
9114,3
939,8
2972,9
7513,1
3848,8
9426,5
6386,6
7713,9
6344,6
916,8
4961,4
5963,3
7467,1
6574,6
6167,3
3791,0
1016,2
6090,0
1575,2
5789,3
190,8
4390,4
1975,2
8845,7
2221,9
8525,7
9163,5
7718,1
7505,1
7707,1
8350,7
2508,9
8673,7
1310,2
8042,7
6079,6
3002,0
7837,1
5430,3
8746,7
9407,5
4492,4
9235,5
8562,7
8927,7
3922,0
9978,4
2744,9
890,8
8302,7
9905,5
9996,5
3442,0
1042,2
9187,5
9987,5
4181,4
3439,0
8570,7
5398,3
1379,2
1736,2
9464,3
1403,2
5924,3
1843,2
798,2
9290,5
66,8
3049,0
8248,7
7594,9
6424,5
2914,1
2579,1
4418,4
7691,1
3065,0
2886,9
8867,7
5411,3
5126,3
1107,2
5544,3
7019,9
2273,1
2125,9
2667,9
4721,4
4749,7
2704,9
1966,2
8353,7
303,8
5629,3
9618,5
1978,2
3497,0
2171,9
9058,5
6208,5
8903,7
972,8
480,8
2312,1
6957,6
1786,2
1952,2
6283,2
7907,1
5771,3
7517,1
9161,5
1654,2
11,4
2339,9
6861,6
3525,0
8630,7
8169,7
3500,8
6994,6
1206,2
9390,5
59,9
8190,7
1847,2
2651,9
8337,7
474,8
7931,1
2632,9
8127,7
3779,0
1229,2
4029,4
8520,7
2554,9
7202,1
4646,4
9053,5
1800,4
5042,5
3888,2
3775,0
1923,2
9066,5
143,8
6316,6
4874,4
3481,0
6797,6
209,8
5131,3
2953,9
7326,1
7310,1
8611,7
7184,1
9387,5
1240,2
4790,4
6037,6
6447,3
2014,9
5820,3
7283,1
6963,6
1443,2
9560,7
9760,5
1894,2
6949,6
641,8
7089,1
8184,7
5560,3
6881,6
3977,8
8026,7
3566,7
4531,0
6068,4
3270,0
4722,4
5024,3
6169,7
3099,0
5220,5
2899,9
7280,9
7190,1
110,0
7252,1
9227,5
7696,1
4017,4
720,8
1999,2
2311,9
1516,2
7491,9
1836,2
4154,4
175,8
2702,8
357,8
8314,7
514,8
2788,9
7382,9
4735,4
1410,2
1304,2
7164,1
8292,7
6822,6
1511,5
8311,7
922,8
5580,3
1308,2
7760,1
4798,4
4564,4
1934,2
192,8
4764,4
7830,1
9030,5
1670,2
6020,6
2829,1
8415,7
2000,9
89,8
1988,2
4712,4
5717,5
4397,4
6496,6
9078,5
7147,1
1808,2
8019,7
7537,1
6852,6
9231,5
7865,1
6906,6
6631,6
7999,1
625,8
582,8
6648,6
6454,6
3657,0
2008,9
9049,4
6973,6
2740,9
8174,7
8728,7
126,8
7377,1
7461,1
5347,6
3713,0
1658,2
5327,3
8955,7
7036,1
1051,2
7782,1
8932,7
6841,6
4255,4
2189,9
6214,6
8396,7
4434,4
4663,4
4700,4
9009,5
8779,7
5048,3
9660,5
1312,2
6776,6
2919,3
5975,3
3601,0
9951,5
6549,6
2644,1
1629,2
4902,4
1810,2
5234,3
2279,9
9979,5
2137,9
4536,4
7853,9
7423,1
464,8
9500,5
5520,3
3567,0
8412,7
7909,1
8938,7
2347,9
2633,1
2324,9
3473,0
8645,7
305,0
548,8
6664,4
5148,3
4461,4
2195,9
3425,0
5704,3
8775,7
8750,7
9916,7
4977,4
8493,7
5000,3
5127,3
7983,1
7405,9
2623,9
5037,3
942,3
7133,1
868,8
1940,2
3469,0
577,8
5314,3
7805,1
3438,0
6297,6
4043,4
1528,2
5590,3
889,8
7723,1
1034,2
2844,9
5670,3
251,8
9628,5
7885,1
6500,6
6221,6
1498,2
9597,5
4269,4
4331,7
8315,7
5742,3
4518,4
7586,1
157,8
2723,9
3645,1
1372,2
4447,4
9265,0
4892,4
8791,7
3098,0
6426,6
8644,7
5817,3
2088,9
8004,7
7678,1
3575,0
3937,0
5086,4
5285,0
7936,1
8670,7
2097,9
4710,4
6423,6
5662,5
259,8
4679,4
7139,1
6026,6
4538,4
9137,5
2958,9
238,8
4018,4
4290,4
409,8
6199,0
7960,1
7422,4
8646,7
2208,9
5777,0
9193,5
6121,6
5449,3
3073,0
6072,6
3011,0
9518,5
7455,1
5178,3
3272,0
9861,5
6839,5
1266,2
5152,6
1112,2
503,0
1859,2
356,8
2391,0
3170,0
917,8
3432,0
2244,1
721,8
3044,0
4159,4
3257,0
1717,6
2666,9
6867,6
2497,9
7777,9
8141,5
328,8
1264,3
1501,2
4088,4
3075,1
3477,0
5591,3
7886,1
4909,4
959,8
9043,5
6516,5
4547,4
1712,2
6356,6
6222,6
770,8
4786,4
1411,2
4168,4
3965,0
6051,6
8443,7
5216,3
9687,3
7780,1
5585,3
249,8
5888,3
8140,3
3334,0
6707,6
7179,9
4408,4
2431,9
6433,6
4845,4
387,7
4286,4
8323,7
6003,6
5942,5
8463,7
2897,9
2915,9
2096,9
9799,5
3883,0
6662,6
8097,7
4975,4
8835,7
7558,1
7153,0
4862,4
4711,4
1708,2
5270,3
3572,0
1508,2
2304,9
3486,0
6507,2
7864,1
9685,5
9877,5
3767,0
6338,6
1706,2
3563,0
3810,8
3428,0
4575,4
9720,2
7111,1
6019,6
5484,5
7264,1
3630,0
256,8
7924,1
239,8
3187,0
3822,2
617,8
1242,2
849,8
9528,5
2364,1
4525,3
4582,4
9095,5
1053,2
9470,5
8288,4
9962,5
8355,7
5905,3
1342,2
6362,5
6189,6
9441,5
5538,5
151,8
8677,7
1458,6
4467,4
4870,4
7941,1
9636,5
4770,7
7878,1
1385,2
9821,5
2938,9
1197,2
3351,0
8858,7
8340,7
3754,0
7427,1
8089,7
888,8
7418,1
477,8
687,1
1377,2
7454,1
6419,6
6563,6
1220,0
4553,4
5158,8
7877,1
4260,4
9686,7
1486,2
8761,7
1454,7
5674,3
737,0
7175,1
1761,2
9847,5
8347,7
999,8
8446,7
2771,1
5665,3
2581,1
1168,2
4009,4
5921,3
5453,3
7557,9
7374,1
9450,5
3113,0
3052,8
8837,7
478,8
6672,6
4811,4
5698,3
4779,3
3129,0
2879,1
9533,5
1272,2
4942,4
7028,1
1412,0
6504,6
2802,9
8285,3
3352,0
1891,2
4813,4
7484,1
4210,4
9384,3
7922,9
8492,7
5707,3
1185,6
6240,3
1451,5
9256,5
8182,7
5847,3
8034,7
2927,9
5299,5
7739,1
4921,4
2051,9
1260,2
5664,2
5668,3
2961,9
6943,6
8461,7
4085,4
6725,6
5923,3
4238,7
3326,8
6095,3
6376,6
5401,0
2928,9
6782,6
2496,9
6721,6
6437,6
3953,5
6999,6
2785,1
2679,9
6686,6
6851,6
6452,6
1098,2
9828,5
3875,0
94,8
1981,2
9016,5
2465,9
8498,7
2251,9
8262,7
3912,0
4629,4
5291,5
7674,1
3857,0
9261,6
1357,2
4220,4
3556,0
1611,2
7771,1
1777,7
7368,1
7256,1
7018,1
6682,3
4307,4
906,8
6565,6
3267,0
579,8
2,8
6939,6
9434,5
8599,7
416,8
5130,0
3220,6
9237,0
3528,0
6755,6
7738,1
9232,3
3745,0
8438,7
5073,3
1963,2
6385,4
6927,6
161,8
3056,0
5087,3
2420,9
5523,3
6961,6
3920,0
9826,5
5885,3
193,8
1259,2
432,1
9744,3
8618,5
9668,8
3512,0
1603,2
3143,0
6268,6
5653,3
1550,4
2995,9
5873,2
5403,3
7392,1
3071,0
564,8
5199,3
2450,9
3088,0
4396,4
6340,6
2280,1
5173,3
740,8
2100,9
8265,7
8880,7
5116,3
6905,6
4957,4
9156,3
1585,2
2444,1
5932,3
7790,1
1844,2
3814,0
169,8
3472,0
5689,3
7736,1
8044,7
5383,3
4889,4
1532,2
2131,9
33,8
7650,0
458,6
262,6
34,2
2175,9
1095,2
8696,7
5844,3
8883,7
2677,9
1801,2
236,8
6914,3
8669,7
3794,7
7239,1
4690,4
7590,1
115,8
3476,0
1083,4
1807,2
4350,4
3008,0
5890,6
3151,2
8090,7
1664,2
834,8
876,8
9985,5
9942,5
2333,9
4478,4
9480,5
5551,3
8491,7
5934,3
902,8
6521,2
2608,9
723,8
5333,2
6827,6
8176,7
8818,7
7221,1
9477,5
4227,7
6122,6
2483,9
7012,1
2917,9
7788,1
8741,7
2532,9
3743,0
3730,0
9914,7
4513,4
2109,9
8811,7
9831,1
6102,6
5902,3
8688,7
3670,0
3327,7
1049,2
4256,4
8613,7
1713,2
9164,5
604,8
612,8
6451,6
7008,1
1833,2
2764,9
719,8
8343,7
4508,4
1955,2
9301,5
575,8
1361,2
6387,6
8704,7
7315,1
2846,1
5786,3
202,8
4258,4
1559,2
7050,1
1710,2
7623,1
217,8
2321,9
6209,6
3992,0
2256,9
6471,6
7145,1
7845,1
5722,5
9509,5
3955,0
7979,1
8254,7
7636,1
3195,0
5045,3
4708,4
8298,7
8839,7
9096,5
1897,2
3538,0
5655,3
9150,5
1003,2
9745,5
2999,1
3182,0
3519,0
7373,9
6792,0
2174,9
6245,6
2288,8
2090,1
1915,2
5726,9
1440,6
8471,9
1964,2
4532,3
8534,7
9621,5
5380,3
4439,4
3193,0
7118,1
2987,1
2673,1
9965,5
3197,8
7428,9
9260,7
7069,1
9281,5
6592,2
226,8
7251,1
56,8
944,8
5491,3
5312,3
7385,1
3180,0
1684,2
7057,1
366,8
6968,6
3226,0
1600,2
8522,7
253,8
5633,2
326,0
1602,2
527,8
710,8
6353,6
1438,3
3388,0
3859,0
2777,9
2543,9
5711,3
1452,2
7714,1
5685,3
885,8
615,8
3288,0
3529,0
294,8
6996,6
4173,4
7987,1
1005,2
9581,5
8872,7
2166,9
5592,3
5248,3
3478,2
963,8
8617,7
4899,4
4901,4
768,8
2993,9
5230,3
4644,4
6882,6
7046,1
9607,5
2600,1
2520,9
3033,0
6005,6
9106,5
5468,3
8604,7
1599,2
4310,4
7677,1
6278,6
4643,4
7298,1
8762,7
8829,7
9984,5
9508,5
1718,2
6180,6
6988,6
250,1
278,8
1791,2
2406,9
4887,5
4049,4
9532,3
4449,4
4190,4
6380,6
809,8
3884,0
1131,2
6506,6
1215,2
2492,1
4487,4
7820,1
9202,7
8348,7
9519,5
7741,1
403,8
8291,7
5687,3
6572,6
9414,5
9771,5
5182,3
8799,7
4423,4
8969,7
3576,0
7792,1
8961,7
365,8
6033,6
4092,4
4630,4
9307,5
2830,9
4401,4
599,8
399,8
4231,4
1977,2
6612,6
6309,6
5001,3
1081,4
2871,9
5917,3
4251,4
9340,5
2184,9
3614,0
5776,3
2955,9
7670,1
7453,1
6522,6
2789,9
7365,1
1991,2
4709,4
7445,9
4938,4
5376,5
4250,4
3604,0
189,8
4364,3
920,8
4986,4
8944,7
845,8
6689,6
4055,7
7816,1
3685,0
1904,2
3547,8
9615,5
1657,2
4571,4
6757,6
1827,2
5985,3
8656,7
9638,5
4019,4
3783,0
7188,1
6178,6
3171,8
4586,4
3773,0
1217,4
2194,9
4383,4
6273,6
9606,3
1803,2
2240,9
93,8
6287,6
9406,5
3051,0
1375,4
3019,2
4551,6
4022,4
3201,9
6381,6
3032,8
565,8
5359,3
3380,3
3821,0
6998,6
6811,6
6434,3
2670,9
6534,3
7161,1
9703,5
8249,7
7648,1
5648,3
6989,6
8473,7
2354,9
7094,9
3939,0
7980,9
3931,0
4387,4
9025,5
551,8
3454,0
2717,9
5850,3
4100,4
8558,7
6971,6
2519,9
977,8
2016,9
1470,2
382,8
2449,1
9312,2
4775,4
5473,0
9716,5
6175,6
2825,1
2621,9
4421,4
7220,9
2588,9
8545,7
7415,9
3292,5
5721,3
8856,7
2458,9
3858,0
1147,2
2178,9
393,8
973,8
6527,5
7062,9
3619,0
9926,5
8478,7
5344,3
5437,3
6460,6
5229,3
6974,6
473,8
1204,3
9181,5
528,8
1554,2
8788,7
9288,5
7022,1
1234,2
3382,0
7897,1
4557,4
1513,2
5846,3
7592,1
8823,7
9069,5
8931,7
530,8
5212,3
4908,4
518,8
9740,5
7295,1
3846,8
5302,6
6118,6
5289,3
152,8
4268,4
5906,3
8485,7
9706,5
4107,4
6875,6
8368,7
1764,2
789,8
2472,9
4674,4
9079,5
5608,8
9298,5
4971,4
52,8
6804,6
598,8
948,8
9044,5
4318,4
1012,2
3062,0
1960,2
8887,5
9853,5
6092,6
5185,3
6622,6
2544,9
5065,3
4046,4
8825,7
6872,6
6704,6
6228,6
5465,3
2929,9
5076,3
8091,7
4460,4
9945,5
8240,7
5132,6
3774,0
3988,0
6977,6
5105,3
8020,7
2388,1
6036,6
8421,4
4990,4
3244,0
3885,0
6677,6
6429,6
5898,3
7079,1
4951,4
4366,2
7722,1
8508,7
1284,2
3665,0
7762,1
5103,3
7337,1
5535,5
1928,2
4867,4
5602,5
4153,4
3053,0
414,8
5625,3
5471,3
1785,2
7055,1
2198,9
8953,7
1235,2
5506,3
8307,7
8527,7
2183,9
6329,6
5982,3
8426,7
4193,7
1860,2
76,8
9336,5
9868,5
5496,3
7026,1
9108,3
5247,3
7435,9
5860,3
9401,2
6021,6
4548,4
3096,1
8214,7
1448,2
457,8
2630,1
3375,0
9711,5
3757,5
877,8
1901,6
6784,9
9221,5
778,8
5680,3
4124,4
9442,5
6523,6
9105,5
4989,7
3634,0
4835,4
1907,2
659,8
7324,1
9363,5
9403,5
5734,3
534,8
5189,3
896,8
3851,0
2526,9
9611,5
6413,5
1867,2
5908,0
3760,0
1881,2
6300,3
4917,4
4847,5
3118,0
3696,0
8290,7
5524,3
158,8
3223,0
7114,9
4774,2
4956,4
5564,3
7494,1
5652,3
3165,0
8700,4
1166,2
380,0
3780,0
7598,1
3229,9
9218,5
3768,0
9088,5
9558,5
4265,4
1351,2
6900,6
9405,5
750,8
3514,8
3845,7
549,8
2034,7
9833,5
2464,1
2319,9
947,8
7740,0
21,8
4656,4
6503,6
7048,0
967,8
318,8
509,8
6097,6
8057,7
6070,6
8405,7
3457,6
9182,5
4914,3
5558,3
8595,7
5360,3
8564,7
348,8
4311,4
6661,6
6111,6
63,8
2868,9
9279,5
4012,4
8870,7
9994,5
5696,3
3079,0
4355,4
2933,9
6833,6
2909,9
1580,2
3712,5
7234,1
1485,2
4941,4
572,8
4530,4
9359,5
1822,2
822,8
2264,9
3253,0
3661,0
2737,9
5991,3
5495,3
8397,7
7357,1
2760,1
7945,1
7037,1
4838,4
7706,9
3899,0
2188,1
9773,5
9763,5
4438,2
3508,0
8733,7
2435,9
4163,4
8862,7
8536,7
3061,8
7197,1
7004,1
8980,7
6980,6
5946,3
461,8
8924,7
2733,9
4573,5
7585,1
7402,1
2699,9
8911,7
9074,5
3233,0
4600,4
8404,7
7978,1
3290,0
147,8
5135,6
7067,1
3865,0
1113,2
3291,0
439,8
1243,2
2603,9
5955,3
420,8
3748,0
1944,2
2861,9
419,8
2384,1
8468,7
1356,9
8660,7
3106,0
7501,1
9782,5
9253,5
2910,1
4213,4
5296,3
1849,6
9879,3
4559,4
5904,5
1115,2
8129,7
8138,7
677,3
8061,7
8076,7
5353,7
714,8
1547,2
6001,6
1360,2
9130,5
7238,1
6192,6
8789,7
8518,7
9767,5
2356,9
8032,7
5618,3
756,8
7905,1
3587,0
1211,2
9665,5
2446,9
3264,0
9007,5
5935,5
694,8
2255,9
297,8
6956,6
2148,1
7471,1
630,9
9057,5
1747,2
2511,9
2140,9
8698,7
1132,2
4416,4
724,8
6834,6
532,8
1880,2
2263,9
5543,3
4682,4
9238,5
4725,4
2254,9
1565,4
8598,7
8132,7
8281,7
2337,9
816,8
8501,7
1038,2
4521,4
1604,2
2409,9
3972,0
6290,6
8318,7
4757,7
6543,6
8272,7
6705,3
6539,6
3433,0
2736,2
3319,0
9971,5
4919,4
5424,3
3370,0
9115,5
883,8
9691,5
300,8
2345,9
7121,1
3658,9
149,8
8287,7
7867,1
8320,7
5410,3
7349,1
4769,4
5157,3
9886,5
9064,5
333,8
544,8
7447,1
2853,1
5575,3
3877,0
1420,2
6894,6
3522,8
4688,4
9258,5
9582,7
6606,5
2715,9
6663,6
6317,6
5036,3
2200,9
550,8
9576,5
8793,7
8683,7
8375,5
7932,1
8503,7
4221,7
3592,0
1781,4
6035,6
6779,8
4495,4
6238,6
3656,4
9090,5
9143,5
7991,1
4585,4
930,8
1050,2
4614,4
327,8
937,8
4598,4
5512,3
3869,0
1700,2
4381,4
6941,3
674,8
3880,9
7262,9
8107,7
2374,9
2454,9
5697,3
580,8
5470,3
4602,4
2318,1
3020,0
6183,6
7728,1
1909,2
3013,0
8356,7
6062,6
1643,0
3644,0
667,8
7320,1
1437,7
9912,5
2980,9
1731,0
6558,6
6865,6
8735,4
6550,6
2681,9
499,8
9874,5
9122,5
7469,1
2276,9
9512,5
6783,6
1887,5
1724,3
4554,4
6293,6
7809,1
6330,6
5031,3
8400,7
2253,9
4431,4
6075,6
6981,6
1196,2
2287,9
5459,3
4842,4
6744,0
6599,6
3503,0
6824,6
895,3
6158,6
8325,7
1075,2
9175,5
1467,2
6002,6
5159,3
8871,7
5856,3
5122,3
4246,2
9614,5
3688,0
5451,3
1021,2
3878,0
2798,9
1088,2
9843,5
2367,9
3809,8
6038,2
2199,9
7416,1
8514,7
3455,1
7773,1
6071,6
400,8
4673,4
5925,3
5589,3
9778,2
4873,4
4760,4
440,8
9056,5
2585,9
9177,5
4787,4
8602,7
4288,4
3100,9
3184,8
340,8
5947,3
3673,0
4626,4
8256,7
5283,3
2277,9
663,8
2282,9
200,9
2849,9
6165,3
5732,3
6751,6
8984,7
4742,4
3243,0
541,8
5191,3
5829,3
6289,6
2226,9
8500,7
6791,6
6206,6
8567,7
8921,7
5840,3
412,8
7661,1
8668,7
2468,9
3132,0
4505,4
3007,9
7548,9
835,8
6219,6
8470,7
402,8
8552,7
3872,0
749,8
7893,1
3693,0
7333,1
909,8
6690,6
3284,0
275,8
206,8
1982,2
1201,2
4191,4
9851,5
5607,3
462,8
8166,9
3279,0
8909,7
7804,1
6904,6
9128,5
3386,0
3136,0
9333,5
8435,4
1056,2
6625,3
1767,2
1716,2
1888,2
971,8
1564,2
6027,6
9026,5
2144,9
6350,6
9797,5
4252,3
2746,9
5004,3
8960,8
9474,5
4910,4
7733,9
3299,0
3321,0
3689,0
8852,7
1518,2
9328,5
3173,7
8194,7
6883,6
2783,9
3232,0
775,8
8675,7
7340,1
5461,3
5209,3
8179,7
6902,6
8907,7
5804,3
5271,3
3127,0
4541,4
6510,6
9967,5
4636,4
3825,0
9311,5
5387,2
8612,7
5408,3
842,8
7390,1
8050,7
5227,3
1434,4
6880,6
2245,1
456,8
309,8
538,8
4856,7
4815,4
2073,1
7968,1
5228,4
3539,0
2877,9
4861,4
4831,4
8082,7
7587,0
1879,3
5784,3
6187,6
5719,6
7013,0
7076,1
9592,5
8942,7
2408,9
4514,4
4373,4
949,8
1665,2
3570,0
797,8
8906,5
9743,5
1317,2
1814,2
2197,9
3189,3
9756,5
4,8
235,8
9995,5
6857,6
1768,2
672,8
881,8
2912,9
9419,5
1774,2
3064,0
9574,5
8878,3
4486,4
3687,2
669,8
9447,5
5225,3
2709,1
1848,2
8804,7
8861,7
4665,4
1776,2
5008,3
666,8
8934,7
9284,3
5145,3
2589,9
3480,0
8245,7
8228,7
5488,5
4612,4
6094,6
5444,3
4617,4
7370,1
7628,9
3119,0
7686,1
4432,4
5253,3
4324,3
8416,7
3996,1
9712,5
3499,0
2422,9
4583,4
6409,6
578,8
6105,6
4705,4
1821,2
7266,1
661,2
5261,6
3870,0
1714,2
9135,5
5744,3
655,8
2325,9
556,8
8143,7
5609,5
4086,4
8377,7
1741,2
7345,1
8384,3
656,8
6203,6
3930,0
8009,7
6334,6
820,8
5727,3
8609,7
2098,9
3215,0
7253,1
2787,9
8654,7
6668,6
7397,1
935,3
4093,4
3925,0
1298,4
1387,3
3303,0
8844,7
8487,7
2505,9
9183,5
9577,5
945,8
2716,9
6547,6
4000,4
9865,5
748,8
6838,6
2937,1
1732,6
2624,9
5090,3
9176,5
8869,7
7414,1
9659,5
5320,3
5454,3
9370,5
3975,9
4183,4
1156,2
6873,6
7664,9
887,8
7708,1
5616,5
2215,0
7652,1
4985,7
1784,2
6489,6
5476,3
1127,2
786,8
8718,5
9713,5
128,8
325,8
766,8
5511,3
1694,6
339,0
1287,2
2647,9
4278,7
9796,5
8029,7
7204,1
6337,6
5203,3
853,2
3960,0
6365,6
2481,1
6787,6
129,8
3615,1
1352,2
3582,0
7583,1
8697,7
8597,7
5922,3
6877,6
8524,7
4715,4
8573,7
9102,3
8574,7
5598,5
2285,9
5275,3
5849,3
9042,5
9695,5
2950,9
1621,2
5107,3
5641,3
3421,0
6795,3
8155,7
2344,9
5830,3
841,8
4840,5
2836,9
9205,5
8672,7
4454,4
5724,3
5091,3
8898,7
8436,7
3542,0
405,8
5460,3
8060,7
2238,1
7297,9
9346,5
7350,1
5064,5
3866,0
9326,5
5238,3
728,8
9774,5
2104,1
8966,7
882,8
2719,1
1520,2
7533,9
9715,5
9999,8
3114,0
3755,0
7942,9
5818,3
9856,5
3971,5
1957,2
6439,6
4277,3
2754,9
9647,5
9103,3
734,8
3709,0
5170,7
3295,0
2417,9
9212,5
5666,3
9539,5
1246,2
4330,4
1309,5
9244,5
1000,4
3266,0
6801,6
2101,9
961,8
9921,5
4323,4
4935,4
8854,7
3554,0
1363,2
8899,7
6263,6
3422,0
7,7
563,8
7588,1
558,8
6754,0
6274,6
3903,0
260,8
3108,3
7871,1
7478,9
422,8
8821,7
5422,5
9264,5
1362,2
5079,3
8753,7
1726,2
4060,4
312,8
6444,6
9352,5
1850,2
8723,7
8136,7
1307,2
5606,3
1790,2
2386,9
2799,9
2152,9
19,8
386,8
9463,5
5973,3
7165,1
4036,4
8398,7
7393,9
6706,6
9813,5
6761,6
6252,2
6015,6
1709,2
4796,4
7355,1
9811,4
9746,8
2561,9
6249,6
2883,9
8180,7
3871,5
6039,6
9637,5
2470,9
2236,9
1182,2
5545,3
8824,7
6308,6
9804,5
150,8
2814,9
350,8
3991,3
2697,9
9817,5
6673,6
3530,0
9927,5
640,8
6913,6
5366,3
800,8
6138,6
6910,4
6159,6
5998,3
6540,6
6717,6
9972,5
7102,1
7863,1
925,8
3363,0
1160,2
3844,0
8556,7
4300,4
8782,7
9178,5
1524,2
9722,5
4948,4
964,8
1313,2
4264,4
6472,6
8022,7
6772,6
567,8
3399,2
2738,8
6425,6
1221,2
5003,3
131,8
3909,4
5852,3
5097,3
7992,1
99,8
843,8
5072,3
3839,3
5213,3
7663,1
6860,3
2784,9
3763,5
3552,9
3555,0
7918,1
8833,2
668,8
3617,0
8930,7
1484,2
2916,9
1943,2
5385,3
2891,1
6155,6
3926,0
7207,1
468,8
1596,2
5639,3
5620,3
5855,3
7823,1
4947,4
8549,7
1273,2
7963,1
9775,5
3561,9
213,8
7475,1
4359,4
3172,0
429,8
172,8
6874,6
3117,0
9680,5
9769,5
5115,3
8123,7
4670,4
1399,2
1292,2
2141,1
1238,2
6866,6
9714,5
1595,2
3347,0
2564,9
1270,2
3663,8
2058,9
4635,5
9800,5
2185,9
665,8
6726,6
5262,3
9524,5
7442,8
9157,5
1690,2
8096,7
2129,9
4103,4
4274,4
2009,9
8848,7
5349,3
1911,2
8620,7
1488,2
2328,8
4120,4
7751,1
5452,3
6889,6
3770,0
7276,1
4367,4
5781,5
7797,1
4074,4
8584,7
4382,4
1680,7
5983,3
5568,0
164,8
4723,4
9791,5
6666,6
109,8
1475,4
2134,9
4806,4
9889,2
3832,8
237,8
6146,6
6012,6
8216,4
6650,6
4243,4
2317,9
8699,7
8928,7
1332,2
5492,3
7985,1
6115,2
4293,4
8085,7
781,8
3548,0
8580,7
6065,6
1805,2
6053,6
1180,2
794,8
7630,1
4475,4
4272,4
2331,9
7236,1
4217,4
4995,4
1,8
3131,0
6407,6
8087,7
6357,6
8855,7
4403,4
8701,7
7578,1
791,8
6367,6
261,8
7199,1
7989,1
2202,9
4812,4
4545,4
1323,2
9228,5
8274,7
4469,4
1315,4
9872,5
6377,6
4182,4
9146,5
5218,3
4734,4
9852,3
8817,7
8358,7
765,8
2898,9
7092,1
8578,7
4091,4
508,8
1990,2
8411,7
4782,4
8160,0
3199,0
5164,3
6371,6
1419,3
6328,7
9930,5
7109,1
5407,3
7787,1
4032,4
5224,3
5600,3
3390,0
9669,5
1976,2
3787,2
74,8
2913,1
9717,5
8177,7
9166,3
1556,6
6130,6
6269,6
8819,7
5642,3
490,8
4184,7
681,8
8891,7
342,8
7011,1
8989,7
2338,9
4378,4
8388,7
6747,3
7429,1
1574,2
3190,0
9674,5
1615,2
29,8
7344,1
5915,3
8221,7
4651,4
9747,5
2874,1
378,8
469,8
9216,5
1804,2
979,8
3597,0
9223,5
8865,7
4139,4
6149,6
4683,5
6267,3
9624,5
6532,6
6117,6
7692,0
6992,6
7624,1
4110,4
4773,4
8763,7
8098,7
3149,0
2639,9
4605,4
7965,1
2023,9
6291,6
9372,5
7808,1
8841,7
5123,3
7994,9
7620,1
5303,3
1226,2
3495,0
8606,7
891,8
7083,0
4992,4
8333,3
7244,1
4056,4
8067,7
696,8
1316,2
8251,5
1771,2
6952,7
1350,2
6185,6
4763,4
3609,0
958,8
9898,5
736,8
2217,9
7710,0
5903,3
4192,4
5195,3
4280,4
9038,5
3701,0
7391,1
860,8
2707,8
1018,2
8439,7
6637,6
8195,7
5233,3
7904,1
8594,7
4821,4
4425,3
7758,1
1908,2
2613,9
2878,9
9033,5
5542,7
1133,2
562,8
8751,7
1755,2
5886,5
9329,5
7634,1
433,8
4015,4
2598,9
1588,2
8766,7
1167,2
6431,6
6493,6
9661,5
9378,5
8440,7
742,8
1561,2
1251,6
4606,4
8369,7
9120,5
8255,7
5035,5
9200,5
9590,5
5399,3
7286,1
4855,4
1237,2
9832,5
1618,2
4567,4
5659,3
8657,7
6174,6
5294,3
5094,3
5397,3
7685,1
4028,4
8077,7
7609,1
4339,4
7205,1
6854,5
3897,0
5340,3
2118,9
2593,9
6541,4
919,8
4225,4
5791,3
9140,5
6537,3
5032,3
2159,9
8830,7
1802,2
7571,1
6119,6
4259,4
5516,3
9097,5
4503,4
5078,6
3966,0
6764,6
6143,6
5156,3
2299,1
5434,3
9699,5
2070,1
2769,9
6134,6
301,8
8836,7
8095,7
7541,9
8327,7
3023,8
4398,5
6903,6
8459,7
9153,5
623,8
5514,3
7895,1
7317,9
771,8
3112,8
5613,3
310,8
1303,2
8956,7
946,8
5725,3
7176,1
1681,2
1871,2
1207,6
1134,2
9296,5
8382,7
7305,1
597,8
711,8
3081,0
2692,9
6528,6
974,8
1174,2
6505,6
5363,3
6016,6
9523,5
1892,9
5129,3
9503,5
1124,2
3524,0
7307,9
553,8
6052,6
1510,2
1659,2
6633,6
9948,5
7759,1
2447,9
8546,7
1646,2
8329,7
7510,9
8346,7
3942,8
3186,0
9603,5
1572,2
3310,0
2026,9
5322,3
7852,1
2786,9
5477,3
9836,5
5828,3
3799,0
828,8
1941,5
1487,2
7778,1
3811,0
7027,9
4412,4
4075,7
2969,1
4090,4
1245,2
4334,4
3311,0
7734,1
451,8
5472,3
5139,3
8547,7
4718,4
5615,3
257,8
5404,3
1297,3
6207,6
4057,4
8730,7
2751,1
7810,1
4413,4
1456,2
3553,0
354,8
3772,7
7271,1
5593,3
997,8
5311,3
8703,7
9063,5
5740,3
8625,7
6502,3
1671,2
2981,9
2763,9
8069,7
6157,6
2161,9
331,8
7135,1
18,8
2341,9
5788,5
990,1
9393,5
2545,9
1939,2
3847,8
9998,5
8884,7
8252,7
8737,7
4720,4
871,8
3694,0
2271,9
9485,5
4003,4
716,8
6990,6
8526,7
832,8
1817,2
2748,9
9385,5
6958,6
4543,4
8709,7
5419,6
1757,2
3536,1
9525,5
3300,1
7551,1
810,8
7431,1
6481,6
8943,7
2997,9
6232,6
3343,0
865,8
1662,2
3188,0
9957,5
1840,2
5039,3
2471,1
6408,6
5154,3
7813,8
3867,0
4999,4
9922,5
9602,6
9580,5
2809,9
6144,6
8798,7
6188,6
7269,1
7064,1
3849,8
8199,7
233,8
1194,2
7682,1
6476,6
8981,7
7001,1
3823,0
9194,5
7141,1
6141,6
5605,3
8196,7
1085,6
1997,2
6970,6
8496,7
2415,9
5658,3
4717,4
4379,4
8232,7
4534,4
7807,1
9623,5
6170,6
9147,5
2145,9
4352,4
911,8
9362,5
9835,5
3836,0
6040,6
5416,3
9960,7
6332,6
8319,7
2385,9
1330,2
9245,5
566,8
5085,2
6651,6
2429,9
5623,5
57,8
2821,9
3235,0
9365,5
3018,0
4755,4
4176,4
3826,0
833,8
4021,4
3678,0
6369,6
6048,8
2876,9
5051,3
4731,4
1719,2
286,8
5236,3
7401,9
6640,6
1729,2
2872,9
9165,5
3952,3
7031,1
3824,0
9516,5
8754,7
1974,2
539,8
4560,4
6700,6
9919,7
5743,3
8389,7
2750,1
5150,3
1347,2
3818,0
3751,0
7017,1
7134,8
6315,6
7303,1
8012,7
1937,2
1455,2
4729,4
3531,1
5167,3
3247,0
5541,3
8234,7
364,8
7158,1
3320,0
9345,5
9189,5
5926,3
8403,7
1544,2
205,8
6955,6
1576,0
8283,7
2093,9
9240,5
4962,4
2539,1
3994,0
8112,7
9973,5
7376,1
3902,0
7635,1
9535,3
9201,5
7044,1
7485,1
4751,4
5112,3
2962,9
8860,7
9254,5
7532,1
8454,7
2292,0
463,8
6217,3
6213,6
5438,3
6621,6
951,8
3968,0
6200,6
7799,1
6862,3
9052,5
8159,7
2752,9
6177,6
3203,0
4357,4
8979,7
9374,5
6800,6
1035,2
2742,9
8018,7
7470,1
9551,5
6285,6
1792,2
7292,1
6295,6
4409,4
4116,4
4620,4
9881,5
8300,7
4955,4
848,8
6555,6
5845,3
7917,1
8406,7
3655,0
7331,9
7520,1
9798,5
4089,3
5755,3
5995,3
804,9
7231,1
7514,1
904,8
2379,9
1914,2
137,8
8727,7
7481,1
1172,2
5730,3
1935,2
1932,7
4666,4
2661,1
6931,6
7784,1
3721,0
280,8
5522,3
8122,7
4040,4
827,8
928,0
2091,9
823,8
4660,2
8105,7
1503,2
9530,5
1255,2
4609,4
6342,6
9553,5
9152,5
6864,6
7577,1
8662,7
4824,4
4817,4
5918,3
1285,6
6737,6
8808,7
8816,7
8310,7
4209,4
2779,9
67,8
8535,7
639,0
613,8
6557,6
7093,1
2572,9
7053,1
9848,5
1025,2
5746,3
8561,7
4918,4
2119,9
4109,4
9952,5
7859,9
2403,9
807,0
5186,3
8996,7
5640,5
893,8
6018,6
2186,9
7341,1
7268,1
8054,7
1302,2
8317,7
1017,2
7529,1
863,4
1899,2
7432,1
8815,7
9892,5
8813,7
6082,6
2398,9
6562,6
6139,3
1620,4
4900,4
5357,3
4474,4
8889,4
9812,5
8113,7
1772,2
7555,1
9970,5
4851,2
1794,2
5277,3
2947,1
2143,9
1971,2
1537,2
4189,4
2441,9
965,8
5635,3
3511,1
1839,2
6831,6
2365,9
6069,6
4391,4
3881,6
8178,7
603,8
9548,5
8111,7
9748,5
183,8
9823,5
8647,7
4404,5
465,8
3286,0
5469,3
7224,1
7327,1
693,8
9622,5
9313,5
5938,3
4923,4
1636,2
8395,7
4694,7
3357,0
6364,6
4915,4
7838,1
7783,1
9495,5
6634,6
7450,1
8280,7
2654,9
9515,5
2671,9
8326,7
3016,0
5426,5
8576,7
1365,2
671,8
611,8
8157,4
5574,3
3140,0
5562,8
7420,1
2306,1
7562,1
8464,7
8679,7
2513,9
7388,9
9273,5
840,7
7726,1
9458,5
2614,9
6915,6
7724,1
8913,7
8958,7
4051,4
1921,2
5206,3
8477,7
9072,5
5343,3
4675,3
8742,7
3987,9
6151,6
1338,2
8345,7
8873,7
5252,6
4628,4
6848,6
4479,4
1106,2
3068,0
3487,0
5887,5
6969,6
3739,0
9807,5
479,8
3179,0
7181,1
627,0
4713,4
9304,5
3306,0
2303,9
9671,3
2390,9
9055,5
8760,7
1591,2
9567,5
2966,9
4001,4
7087,9
4659,4
3237,0
3564,8
1129,6
8590,7
293,0
4692,4
86,8
4589,4
6617,6
646,8
9062,3
1378,2
2755,9
6756,6
494,8
5144,3
6147,6
2824,9
1608,2
1609,2
6595,6
7567,1
8743,7
5832,5
1587,2
6103,6
9018,5
774,8
6204,6
1780,2
7607,1
793,8
6247,6
3153,0
9788,5
6366,6
9819,3
210,8
985,8
812,8
2112,9
1809,4
7549,1
743,8
5690,5
1459,7
3339,0
8780,7
2001,1
9546,7
1101,2
1227,7
4005,4
7285,1
3324,0
9274,5
4820,3
263,8
5797,3
7625,1
2625,1
3496,3
7448,1
9653,5
1059,2
6605,6
8941,7
1105,2
8509,7
2983,9
7338,1
437,8
1853,0
5364,3
282,8
9380,5
8204,7
6008,6
8802,7
9131,5
6056,6
2168,1
4133,4
6014,5
1022,2
9344,5
8165,7
3887,3
2714,1
6878,6
24,8
4236,4
3369,0
9382,5
6335,6
8419,7
6655,6
3285,0
6511,6
8124,7
8170,7
7243,9
6587,2
7384,1
2326,1
4185,4
214,8
4800,3
7381,1
9789,5
6164,6
9318,4
4991,4
9263,5
6013,6
6614,6
42,8
7230,1
9878,5
6713,6
1954,4
7203,1
4517,4
3565,0
2111,1
7730,1
7406,1
5350,3
3558,0
6799,6
3466,0
267,8
8261,7
5839,3
2284,9
9287,3
4762,4
1074,2
4781,4
7043,1
1721,2
6934,6
821,8
2076,9
5741,3
1841,2
7433,1
1846,2
358,2
7041,1
38,8
47,8
6388,6
5611,5
4848,4
2302,9
9651,5
9939,5
4150,4
6997,6
9887,7
4533,4
368,8
90,8
6418,6
5872,3
2150,9
5559,5
9203,7
6415,6
7570,1
9739,5
5563,2
6416,6
5588,3
54,8
6349,6
3797,0
5548,3
7690,1
5168,3
2622,9
1868,2
2575,9
425,8
9173,5
7870,1
4027,4
8490,7
7434,1
9367,8
335,8
9198,2
912,8
8103,7
5436,5
7425,1
5979,3
8553,7
8391,7
9437,5
9420,5
7178,1
4528,4
3742,0
4825,7
7003,1
6665,6
5063,3
195,8
5442,3
7969,1
6156,6
8156,7
1314,5
8120,7
6099,6
5467,3
8914,7
2501,9
5763,3
4013,4
3435,0
2780,9
9145,5
2055,9
4601,4
4965,4
9698,5
9350,8
6220,6
6733,6
3025,0
3997,0
651,8
3947,0
7173,1
299,8
7267,1
6921,6
8623,7
1261,2
6780,6
4549,4
1704,2
4358,4
1692,2
6042,6
731,8
7446,9
6983,6
5683,3
5833,3
8781,7
6859,6
8295,7
9070,5
1100,2
6341,6
9882,5
5644,3
7526,1
3669,0
1661,5
9814,5
4964,4
3788,0
8121,7
4808,4
8241,7
866,8
5552,5
9689,5
851,8
6044,6
3700,9
4768,4
5022,3
744,8
484,8
3488,3
5546,3
3355,0
8705,7
7935,1
91,8
4512,4
1340,3
9067,5
444,8
3686,0
3731,0
7049,1
9466,5
6405,6
7332,1
2248,9
5475,3
7874,9
9726,5
8952,3
9255,5
9909,5
8442,7
1480,2
3467,8
2866,9
4793,4
3551,0
1531,2
4939,4
4634,4
1583,2
7662,1
5561,3
2664,1
3335,0
3838,0
6712,3
6890,6
2767,9
5654,6
2078,1
6718,6
5066,3
8131,7
2410,1
7890,1
4893,4
3346,0
7857,1
8117,7
4426,4
7110,1
3385,0
2676,9
2817,9
8550,7
5273,7
5753,3
701,8
6775,6
3325,0
1683,2
9834,5
4458,4
4436,4
3562,0
6762,6
1922,6
7441,1
8895,4
8937,7
852,8
5200,5
5210,3
62,8
3144,0
498,3
7100,1
6442,3
8863,4
6790,6
7325,2
6030,6
5637,3
7195,1
9693,5
2610,1
3777,0
8267,7
2231,9
764,8
769,8
1593,2
1004,3
7536,1
1065,2
6608,6
3983,9
4958,4
7128,1
4222,7
4388,4
3005,0
5713,3
2523,1
8378,7
7279,1
3571,0
7353,0
4380,4
1007,2
3076,0
7522,1
9047,5
1036,5
5388,3
2475,1
5172,3
7498,1
6942,6
6774,3
8714,7
3807,0
2797,9
7638,8
3137,0
3784,9
8164,7
1752,2
4394,4
117,8
1962,2
6513,6
2154,9
5002,3
1161,2
4618,4
8664,7
4648,4
5367,3
5962,3
9215,3
6770,6
7981,1
6825,6
634,8
6844,6
5959,3
4283,4
9907,5
5264,3
6202,6
5931,3
2479,9
6049,6
1079,2
2672,9
4974,4
1384,2
7668,1
7818,9
5964,3
8025,7
7273,1
6310,6
8876,7
1181,2
9444,3
8551,7
1638,2
1208,2
1890,2
5661,3
3328,0
8959,7
6194,6
227,8
4341,5
2535,9
6064,6
3078,1
3549,9
7769,1
3164,0
8161,4
3532,0
8707,7
7938,1
9154,5
982,8
2489,9
3936,0
2550,9
7225,1
295,8
9109,3
8,8
8413,7
7142,8
8653,7
424,8
2085,1
2395,9
6687,6
6529,6
4345,4
4684,4
9100,5
2837,1
3416,0
8769,7
9844,3
8167,7
7371,1
3984,8
574,8
8482,7
767,8
7763,1
4180,4
6535,6
281,8
9209,5
6879,6
3086,0
4095,4
6812,6
7872,1
6923,6
5716,3
2852,9
2865,9
924,8
3683,8
8484,7
371,8
2004,9
4746,4
4427,4
2087,9
7940,1
4247,4
5626,3
7613,9
6256,3
8995,7
6632,6
1060,2
9761,5
9,8
6796,4
2359,9
7832,8
3241,8
5691,3
2405,9
3084,3
2921,9
2372,1
9139,5
7676,1
4978,4
4805,4
8328,7
4267,4
5089,3
8209,7
7389,1
2652,9
5880,3
9762,5
8247,7
1294,2
2881,9
4569,4
1521,2
8158,7
2462,1
3940,0
2765,1
6028,6
3252,8
4574,4
4639,4
7387,1
6771,6
4603,4
2107,9
384,8
1154,2
4944,4
8954,7
1723,2
9542,3
8624,7
2393,9
3102,1
4232,4
6059,6
8005,7
513,8
884,8
1858,2
2120,1
2223,9
4145,4
7540,1
1199,2
8588,7
5530,3
6011,6
7643,1
7539,3
4490,4
897,8
7996,1
7528,1
7061,1
7198,1
7104,1
6428,6
3805,2
8126,7
3066,9
5534,3
6352,6
8724,7
5033,3
2007,9
1436,2
9462,5
9683,5
8360,7
3110,8
9724,5
5894,9
8801,7
7369,1
1815,2
7106,1
7645,1
535,8
5835,3
2057,9
9894,5
1271,2
49,8
7270,1
8339,7
2139,9
2353,9
2606,9
1076,2
683,8
8681,7
7954,1
6711,6
1046,6
4024,0
9809,5
5406,3
9356,5
1989,2
6729,6
7213,9
8430,7
7430,1
4981,4
2294,9
1281,2
4198,3
9654,3
7206,1
9168,7
9010,8
6623,6
3568,0
6303,6
4034,4
5113,3
5993,3
9034,5
3989,0
9608,5
5117,5
9425,3
8410,7
516,8
6600,6
2761,9
6916,6
8215,7
9690,3
3418,0
1144,2
5550,3
7596,1
4926,7
1200,2
8665,2
5843,3
4937,4
1031,2
2718,9
6477,6
2686,9
211,8
133,8
8142,7
5536,3
2411,9
4023,4
751,8
2549,9
5187,3
8008,7
3515,0
6211,6
2176,9
3345,0
3956,3
3445,0
829,8
9118,5
9005,5
8717,7
3841,0
9935,5
6325,6
8379,7
96,8
1014,2
1958,2
6524,6
8037,7
1644,2
6720,6
9498,5
9158,5
9903,5
989,8
5435,3
2018,9
8849,7
4604,4
3484,0
7038,1
1631,4
8366,7
6392,6
2547,9
9630,5
9981,5
2706,9
6538,6
6487,6
5790,3
7794,1
5392,5
2309,9
9545,5
1155,2
9136,5
2439,9
2856,8
5824,3
4737,4
5992,3
857,8
8632,7
8847,7
4262,4
4026,4
4890,4
9381,5
3648,0
9795,5
4171,4
5603,3
475,8
7923,1
1435,2
6135,6
4149,4
1824,2
8147,7
7552,1
4778,4
8331,7
8768,7
1019,2
7825,1
7056,1
9527,5
2021,9
8480,7
2534,1
8483,7
739,8
8685,7
4830,3
8568,7
934,8
9262,5
1672,2
521,8
2443,9
1483,2
1189,2
7910,1
7068,1
6735,6
5161,3
4287,5
3864,0
8489,7
7192,1
609,8
171,8
8269,7
5486,3
3934,0
2079,1
2368,9
7379,1
3373,0
4771,4
6286,6
2834,0
3216,0
9825,5
1816,2
69,8
4854,4
8257,7
1687,2
9479,5
3175,0
4102,4
4625,4
6063,6
7850,1
941,8
7880,1
7082,1
5056,3
1214,2
9004,5
6277,6
8515,7
7278,1
7754,1
6091,6
6160,6
1920,2
4502,4
9808,8
3344,2
1479,2
3752,0
3802,0
6920,6
3436,0
7939,1
5463,3
752,8
1148,2
8692,7
2991,9
818,8
3415,0
5617,3
6301,3
203,8
1820,2
5169,3
5255,3
5842,5
992,8
9899,3
111,8
825,8
6611,6
8982,7
3474,0
4316,4
9282,5
2893,9
6176,6
1153,2
733,8
8064,7
7124,8
4135,4
8031,7
650,8
2030,9
1919,2
9404,5
218,8
1885,2
6849,6
4642,4
7072,1
5802,3
4078,4
4365,2
5928,3
9460,5
4868,3
5866,3
9591,5
6653,6
2351,9
3541,0
4904,4
7993,9
9241,5
4047,4
4126,4
345,8
4320,9
3205,9
9317,5
1649,2
3840,0
722,8
6609,6
3083,0
6212,6
923,0
2124,1
6073,6
4885,4
4627,5
395,8
4839,4
3498,0
8220,7
4857,4
8571,7
784,8
2705,9
1515,2
684,8
7210,1
682,8
6395,6
5862,3
3448,9
8511,7
7913,1
5080,0
3533,0
576,8
1916,6
1239,3
2423,9
9031,5
6922,6
6168,6
8125,7
3349,0
1825,2
3152,0
1499,2
662,8
9316,5
9257,5
2156,9
6107,6
2888,9
1857,2
9974,5
918,8
8172,7
4897,4
2249,9
4076,6
4758,4
6258,6
6368,6
3287,0
5547,3
2540,9
7679,1
6659,6
2142,9
7843,1
1782,2
53,8
4667,4
455,8
8137,7
8634,7
1762,6
1469,2
5053,3
1898,2
443,8
8591,7
1141,2
2040,9
3603,0
4065,2
1797,2
5301,3
2857,9
32,8
3510,0
7746,1
4041,4
351,8
975,8
9933,3
6246,6
6469,6
8731,2
5306,3
8052,7
8303,7
7856,9
7294,1
3806,8
4218,4
5096,3
3697,0
1341,7
7632,1
729,0
3036,0
5757,3
7235,1
3659,0
950,3
4987,4
8978,7
3785,2
591,8
8148,7
4697,4
8868,7
7835,1
7506,1
8601,7
4016,7
3458,0
4499,4
9299,5
5110,3
1500,2
4257,4
5282,3
8851,7
68,8
6798,6
6457,3
6817,6
6856,6
6579,6
5370,5
6978,6
2335,9
4329,4
4945,4
2232,9
3671,5
5223,1
4484,4
6161,3
2358,9
4261,4
7358,1
7265,1
5149,3
9354,5
9029,5
1250,2
9431,5
2061,9
7883,1
608,8
9598,5
9092,5
6628,6
7183,1
500,8
223,8
6292,6
6166,6
2747,9
8152,7
987,8
1870,2
6412,6
1552,2
7735,1
6778,2
4473,4
3980,8
5708,4
487,0
8217,7
2594,9
9610,5
7699,9
2077,9
6224,6
9866,3
645,8
4853,0
2854,9
5133,2
805,8
9923,5
4576,4
647,8
5231,3
5978,3
6845,6
3651,0
5532,3
9764,5
8193,7
4281,4
4931,4
1987,2
2533,8
7697,9
7565,3
5482,3
7822,1
5074,3
5382,3
2517,9
4647,4
2392,9
6474,6
4752,5
6607,6
2432,9
6937,6
1447,2
7695,1
6742,1
8581,7
4827,4
5493,3
552,8
3015,8
2963,9
9457,5
3744,0
9663,5
6470,6
7200,9
8991,7
1349,1
5490,3
8732,7
6066,2
6602,6
1232,2
4406,8
4441,4
633,8
2905,9
7233,1
9293,4
5494,3
3449,0
7342,1
4888,4
7629,1
6323,6
4960,4
3145,0
6908,6
6370,4
352,8
9694,5
8417,7
4342,4
8071,7
8497,7
9837,5
3589,0
3537,0
2703,9
994,8
8390,4
6498,6
9842,5
307,0
6688,6
2509,9
6593,2
6658,6
349,8
8104,7
1446,2
7152,9
6643,6
5773,3
6057,6
1993,2
9635,5
4219,4
176,8
9271,5
5102,3
4197,2
6863,6
2977,9
5020,3
4869,4
2419,9
676,8
1972,2
1826,2
1607,2
6972,5
3945,0
5269,3
5393,5
7869,1
9188,5
2895,9
1441,2
9946,5
9409,5
4998,4
8363,7
8513,3
3196,0
9719,5
2191,9
4167,4
7655,1
3792,0
3606,0
6518,6
9250,5
4772,2
3085,4
2819,9
2551,9
3623,2
1082,2
3318,0
6520,6
7250,1
8772,7
8080,7
1367,2
4668,4
5754,3
9331,5
241,8
1210,2
2942,1
9094,5
7309,1
2521,9
6450,6
1994,2
6186,6
4313,4
5572,3
4033,4
9489,5
2373,9
3776,0
3437,0
6402,6
5821,3
6553,6
4248,4
5242,3
5204,3
3622,1
4972,5
2932,9
7971,0
7873,1
3915,0
9600,5
6570,6
8994,7
3728,0
788,8
5415,3
1327,0
5859,3
330,8
8227,7
2261,9
3543,0
7127,1
2538,9
607,8
6708,6
859,8
6196,6
913,8
8539,7
5412,3
2486,9
5142,3
8187,7
1645,2
4131,4
5211,3
583,8
3423,0
2218,9
4707,4
9504,3
7444,1
5266,3
1617,2
4745,4
8528,7
7667,1
8481,7
9455,5
1063,6
998,8
3304,3
9417,5
3031,0
1675,2
837,8
3009,0
9214,5
2749,9
6723,6
5799,3
7725,1
9243,5
6398,6
6445,6
2889,9
6484,6
7995,6
7849,1
1192,2
4500,4
4539,4
7364,2
3249,8
367,8
7323,1
5941,3
5058,3
2397,1
1190,2
2149,1
7222,1
6114,6
5215,3
8523,7
3012,0
3545,6
9037,5
6698,6
8610,7
3444,1
406,8
3874,0
8963,7
8437,7
344,8
3026,0
1422,3
6124,6
8048,7
4141,4
8973,7
4464,5
2577,9
9371,5
2165,9
6288,6
4061,4
6584,6
9678,5
811,8
3275,0
3585,0
7328,1
9723,5
6589,2
6417,6
4146,4
5643,3
628,8
471,8
2467,9
3560,8
3954,0
1730,2
9780,5
6361,6
606,8
5814,3
4829,7
4588,4
8286,7
4970,4
5528,3
9050,5
554,8
9493,5
5015,3
48,8
9781,5
602,8
5893,3
8066,7
3675,0
6554,6
3578,0
2756,9
3491,0
332,3
1110,2
7329,0
4063,4
8639,7
4927,4
1054,2
3006,7
6453,6
1749,2
7166,1
46,0
6142,6
3509,0
4129,4
6218,6
1244,2
9792,5
3898,8
3413,0
3638,0
6917,6
44,8
635,8
9174,5
450,8
4362,4
675,8
6679,6
6140,2
6808,6
2305,1
869,8
6088,6
907,8
9433,5
654,8
6205,6
4134,0
5420,3
1586,2
3443,0
9632,5
3278,0
291,9
7798,1
5663,3
435,8
2974,1
5047,5
4638,4
2389,9
212,8
2605,9
3726,0
7086,1
3305,1
7961,9
1917,2
9569,5
9113,5
8998,7
6809,6
2362,9
1534,2
1842,2
962,8
4471,4
3298,8
9983,5
4306,4
5041,3
2445,9
1763,2
8962,7
9964,5
1462,2
5837,3
9697,5
1799,2
65,8
6517,6
7765,1
4496,4
5958,3
5961,5
976,8
7611,1
5571,3
3063,0
9366,5
7970,1
8812,7
4285,4
7375,1
3544,0
1798,2
6029,6
4062,4
6479,6
4143,4
8999,7
2795,1
9733,5
9451,5
6162,6
8449,7
6979,6
2383,9
2970,9
5155,5
712,8
9928,5
1622,2
95,8
4284,4
6120,6
8993,7
2721,1
9207,5
4884,4
8715,7
3041,0
5497,3
5813,3
4336,4
4743,4
5769,3
1334,2
5627,3
1678,2
4526,7
7665,1
2839,9
5972,3
5272,3
7750,1
8002,7
1642,0
9014,5
8370,7
2510,9
4832,4
5243,3
1759,2
4199,4
1728,2
7639,1
6401,6
4169,4
9757,5
4215,4
3394,0
4465,4
5040,3
4282,4
1289,2
1126,2
7007,1
2848,9
35,8
8479,7
1581,2
8971,7
3161,0
9822,5
14,8
3364,0
7772,1
7380,6
9453,5
2689,1
8840,7
3029,0
3004,0
3716,0
1746,2
2828,9
8901,7
7524,1
9430,5
1432,6
3259,0
9741,5
243,8
8690,7
2678,9
5793,5
4652,4
2580,9
8708,7
2352,9
620,8
2110,9
7523,1
7212,1
6382,3
4325,4
5582,3
2019,9
4299,4
3367,0
8130,7
5679,3
9283,4
5997,3
3070,0
3156,0
1077,2
9958,5
2863,9
3157,7
1137,2
8006,7
8010,7
7101,1
8985,7
2293,9
3546,8
8201,7
8035,7
7599,1
3732,4
322,8
5237,6
4562,4
3362,5
1400,0
5705,3
1471,2
8904,7
8296,7
1656,2
60,0
9649,5
2440,9
5160,3
7150,1
2466,9
8275,7
9906,7
6676,6
2720,9
2984,9
5851,6
1339,2
3842,0
7511,9
5657,3
3796,8
2320,9
5875,7
5378,3
758,8
8586,7
9634,5
31,8
421,8
139,8
8713,7
6031,6
221,8
5827,3
570,8
1707,2
417,8
5910,3
9085,5
2759,9
9968,5
9060,5
6182,6
7933,1
3962,0
7764,1
7819,1
1175,2
9111,7
2002,9
3690,0
5365,4
7934,1
605,9
966,8
4068,4
7155,1
1625,2
8460,7
3895,0
2116,1
3109,0
8694,7
8784,7
2201,9
4996,4
5614,3
2270,9
2203,9
2739,9
2659,9
492,9
5423,7
5346,3
5539,3
2907,9
8778,7
7959,1
372,8
8616,7
7033,1
1461,3
3916,0
5165,3
8767,7
2094,9
3139,0
875,8
5279,9
1548,2
1492,2
6702,6
5342,3
8239,7
5989,3
8629,7
846,8
5761,3
3714,0
5324,3
1354,2
3489,0
3684,0
9737,5
2151,9
5808,5
6083,6
9640,5
2313,9
2548,1
7703,9
1064,2
452,8
1418,2
9513,5
7729,1
2246,9
1212,2
1187,2
5879,3
1442,2
4132,4
4275,4
6512,3
9171,3
7254,1
9955,5
7411,1
4693,7
8229,7
6327,6
2062,9
8279,7
1119,2
9276,5
9997,3
7272,1
5596,3
5305,3
6010,6
8642,7
4312,4
9396,3
2418,9
8341,7
7829,1
1626,2
3719,0
2806,9
2428,9
9620,5
7911,1
2233,1
7459,1
7660,9
6586,6
1413,2
7160,1
173,8
6358,6
4750,4
9377,5
8596,5
658,8
5427,3
118,8
1969,2
1396,2
4346,4
8711,7
8277,7
713,8
447,8
6984,6
3765,0
6929,6
6347,6
7817,1
6638,6
7169,1
953,8
8649,7
6810,6
5533,3
7512,9
5405,3
6814,6
9045,5
2847,9
2945,9
454,8
9526,5
1213,2
4296,4
585,8
5914,3
9478,5
3417,3
3307,0
1624,2
7492,9
5418,3
4450,4
27,8
5693,3
2570,9
7876,9
2360,9
2484,9
5245,3
8047,7
5909,3
4099,4
5043,3
1219,8
6691,6
8565,7
9395,5
838,9
6438,5
272,8
5332,3
6652,6
1421,2
2205,9
4340,4
3080,0
9544,5
6459,6
3142,0
6456,6
6982,3
2735,9
2924,9
4142,4
8153,7
9421,5
6918,2
6928,6
864,8
2247,9
3297,0
7614,9
1142,2
1080,5
9234,5
3483,0
850,8
9730,5
2904,9
5038,3
155,8
4419,4
6815,5
3379,0
622,9
3218,3
4321,4
5057,3
1545,2
8857,7
6127,6
1381,2
8045,7
4435,4
7458,9
5684,5
3028,0
4822,4
100,8
3383,0
6835,4
7527,1
4698,4
9702,5
2114,9
232,8
1610,2
4610,4
7944,1
7717,1
6697,6
4866,7
9536,5
4344,4
7493,1
2612,1
1188,2
4696,4
3181,0
4940,4
4007,7
8749,7
9134,5
1517,2
9397,5
1111,2
3829,0
132,7
3289,0
4270,4
2890,9
7858,1
4595,4
6148,6
3340,0
3894,0
2620,9
2796,9
8367,7
3059,0
1927,2
2451,1
3333,0
3221,0
6305,6
600,8
4593,4
4038,4
4814,4
1233,6
5509,3
7477,1
9543,5
9117,3
2753,1
6629,6
5179,5
4966,4
9929,5
4738,4
9297,5
6739,6
5409,3
3361,9
7473,8
8007,7
4980,4
2235,9
7811,9
588,8
9305,5
1320,2
7974,1
3281,0
313,8
3667,0
983,8
9662,5
6560,6
5831,3
146,8
6925,6
2822,1
5714,3
8101,7
8885,0
3191,0
1727,2
7482,1
1069,2
2602,9
9510,5
5779,3
6760,8
9358,4
104,8
8521,7
4196,4
1388,2
6829,6
7951,1
3045,0
3060,0
8273,7
956,8
6947,6
6181,6
1254,2
7916,1
3354,9
4175,4
3855,6
3441,0
7321,1
9277,5
9402,5
5256,3
8408,4
6897,6
6,8
7107,9
9950,5
1813,2
7424,1
1589,2
6006,6
2925,9
8433,7
780,8
4791,4
9008,5
7701,9
2117,9
7291,1
1465,2
2773,9
4025,3
3409,0
7144,1
6616,6
9021,4
9645,5
8936,7
7888,1
8321,7
5480,3
8359,7
2182,9
428,8
3366,0
4158,5
225,8
9302,5
7346,1
7463,1
2113,9
2227,9
2438,9
4114,4
5794,3
3949,0
7747,1
1655,2
2286,9
3213,0
7336,1
844,8
5604,3
2044,1
5300,3
4561,4
7812,1
4205,4
763,8
5321,3
9522,5
4527,4
1139,2
5877,3
7698,1
2626,9
5897,3
3804,0
1902,2
4761,4
7972,1
9612,5
8070,7
1473,2
2066,9
4834,4
467,8
6399,6
2601,9
1830,2
6137,6
9514,5
8828,0
7749,9
1491,2
8666,7
6536,6
9217,5
3964,0
1779,2
5768,3
3115,8
2949,9
2792,9
7351,9
9295,5
3707,0
2641,9
9268,5
6936,6
8451,7
2072,9
4101,4
1676,2
2394,9
1355,6
6383,6
219,8
3141,0
7559,1
8939,7
9011,5
2272,1
5782,3
9818,5
1648,2
8716,7
2366,9
4006,4
9179,9
404,8
3047,0
5612,3
6641,6
8877,7
1946,2
4552,6
9705,5
1463,2
1409,2
